,NU00295.csv,NU00429.csv,NU00431.csv,NU00468.csv,NU00759.csv,NU00826.csv,NU00866.csv,NU00908.csv,NU01094.csv,NU01115.csv,NU01405.csv,NU01420.csv,NU01482.csv,NU01713.csv,NU01798.csv,NU01929.csv,NU02064.csv,NU02359.csv,NU02514.csv,NU02738.csv
CD11c+,40.455501941007874,11.518504574992225,24.884738838634373,13.930106859547964,32.151638592241916,13.681048816556713,9.982795625660069,10.640261810858439,17.592652620205296,38.402293819376474,22.065252471906817,24.733928187486562,17.20142198874636,6.000119452905691,9.399804721153295,7.122793024374808,17.58108008150036,51.837757844824985,25.33800601342068,17.616217198328446
CD163+,0.8371730218045931,2.2127466867453442,30.611808189864796,1.085521490391668,25.95691585012294,31.604333800734047,16.1746669846353,0.18628849542670134,35.089789303079414,0.6359151916352316,1.334976381187102,28.749193721780266,0.07925096516354004,7.803858328853849,0.2770662225030153,2.454820125797069,0.5830099992603103,40.83008667814321,1.5252583580573864,1.6317560844775525
CD205+,0.8154047092116243,0.06247306019784045,8.061472619395001,0.027081617223908554,0.31560791221696205,1.2788390072715292,2.531257452389875,0.15272300075522363,1.9202593192868718,0.09098554559359462,0.38435583722090194,2.038092166559163,0.2966250410406784,0.7011885564116347,1.2589742117052438,0.28870037149582334,1.4047380489674604,7.664371356950863,1.1210449811831704,0.01297791159446622
CD206+,6.140478177266625,0.20351485985846715,7.389683234445417,1.328127644689182,28.448750412859187,13.52243906550506,11.113855483255545,1.03213896114794,25.736574824419232,0.8198535378622824,27.97288971041282,43.995018992331396,13.696831093550104,13.297497461625754,0.10797771523749354,5.754717390079285,5.709059854348367,44.26927607139621,2.8713088150375343,4.391725283567368
CD8+,0.12153974531074266,0.027280812313467448,0.15951755665791267,0.03498042224754855,0.2605600205512129,0.07164256871173635,0.14649269239941404,0.08055718721154653,0.09681253376553214,0.11606804735182881,0.03227415427045741,0.6342721995269834,0.1052905680029889,0.3022158514005853,0.009649072425478147,0.055269215263840064,0.06186495955242047,1.8347377004620822,0.13540152525835805,0.0
CD4+,0.6249319740231469,0.338554880810131,5.356158609733164,0.06770404305977139,1.794561268303424,2.194101556214514,1.4001975947943992,0.28362842997398674,7.497352782279849,0.24590687998268815,0.14229968019247133,2.2351823980505987,0.10698880297077905,2.5670429433195965,0.04686692320946528,0.5373034691727824,0.45995252536799563,29.191205339615234,1.6546862866131697,0.209376973724055
CD103+,0.5886514530348655,0.3961173947915473,2.9426450085919007,0.5878967739023482,11.912363756468128,5.473568872644798,23.394542295506422,1.3745070067970127,43.6503511615343,0.7873938297045675,4.122289704544787,15.56206550562603,0.7036353549877161,5.873499372872245,0.5320774223192235,0.23624880250033595,0.7369999529288351,8.73274742532693,0.5435972999342904,0.504408163971587
FOXP3+,0.005442078148242209,0.012276365541060352,0.06743831663586551,0.0,0.0,0.11225279482641043,0.0996490988996014,0.0067130989342955435,0.11626148028092922,0.0004918137599653763,0.0029340140245870372,0.09675338636852289,0.011321566451934289,0.18037388759481573,0.005284015852047556,0.030560624910593914,0.016138685100631427,0.1109903053365951,0.01792079010772386,0.0043259705314887395
GFAP+,49.377789065050976,47.63393514805297,13.179003339493564,51.140248925198314,13.861059121435648,53.278317970408175,23.393690593806426,52.869010657044555,8.77493246893571,50.2854978876599,49.11392776457472,32.9955923457321,51.75427672172722,42.525234426327415,7.605077250014358,56.64834474118835,50.18458621083847,35.08577209990638,19.436092471276957,47.800243984737975
GRZMB+,0.004535065123535174,0.0016368487388080466,0.003890672113607626,0.002256801435325713,0.0036698594443832803,0.006512960791976032,0.0008517016999965932,0.0,0.00043219881145326847,0.0,0.0,0.0035834587543897367,0.003962548258177002,0.007167174341515857,0.0,0.0015171941444975703,0.0020173356375789283,0.01132554136087705,0.015929591206865656,0.0
HLADR+,9.979864310851504,8.12558994756628,37.67467496676717,1.2615520023470737,6.260780212117877,16.119961075481385,12.273873198650904,7.9869094570781245,6.332576985413291,13.009949392364101,0.9227474107326232,25.21411166057479,2.825296908080202,11.109120229349578,1.5174315088162655,7.706696027985729,2.2439496742002945,61.072604270484135,3.584158021544772,0.5563198103494519
INFgamma+,0.015419221420019592,0.022915882343312655,0.012320461693090815,0.07221764593042282,0.014679437777533121,0.027967419871426494,0.008517016999965932,0.03020894520432995,0.0034575904916261477,0.0,0.026406126221283337,0.016125564394753815,0.021510976258675152,0.02747416830914412,0.013324909539946011,0.022324428126178533,0.02420802765094714,0.027936335356830058,0.001991198900858207,0.008651941062977479
Ki67+,5.159090084533614,4.916275187009968,5.561067341049833,1.2841200167003306,3.0056148849499063,7.36769111708771,1.5918304772936327,1.1429050935638163,0.7161534305780659,3.7127020739786256,0.9227474107326232,0.7256503977639217,9.50898366297961,6.390730454518306,5.261731089541095,2.9184313079513977,4.83555352327669,4.629126272235813,6.776049859620477,22.895631634957304
NFAT1+,0.014512208395312556,0.0051833543395588145,0.022695587329377816,0.024824815788582838,0.13945465888656466,0.010344114199020756,0.02129254249991483,0.005034824200721658,0.032847109670448404,0.0019672550398615054,0.0029340140245870372,0.004479323442987171,0.0,0.004778116227677239,0.009189592786169662,0.005635292536705261,0.009414232975368333,0.025671227084654646,0.021903187909440274,0.008651941062977479
NFAT2+,0.0,0.0008184243694040233,0.01102357098855494,0.004513602870651426,0.0036698594443832803,0.0,0.0008517016999965932,0.00839137366786943,0.010804970286331712,0.0,0.0,0.0017917293771948684,0.0005660783225967144,0.0023890581138386194,0.0,0.003901356371565181,0.0013448904250526188,0.00679532481652623,0.0,0.0
P2RY12+,32.393970177411745,0.5805356860305873,0.5219985085756897,0.3757574389817312,0.7339718888766561,15.396256196890636,0.6174837324975301,14.840983468993873,28.33625067531064,49.71597755361999,30.44186251210281,5.494338135168064,5.863439265456768,0.5088693782476258,1.115616564240997,5.798499278249071,12.735439880035774,8.731237353145481,12.464905119372375,3.542969865289278
PD1+,0.052606755433008016,0.01718691175748449,0.1154232727036929,0.08914365669536566,0.07706704833204889,0.10535671869372992,0.11583143119953668,0.02181757153646052,0.1495407887628309,0.0,0.016137077135228706,0.606500394180463,0.03849332593657658,0.1385653706026399,0.025501119981620815,0.07065789872945827,0.09010765847852546,1.1265138473619039,0.06570956372832082,0.02595582318893244
PDL1+,0.020861299568261802,0.8377937461465852,1.2275070518432059,0.18054411482605703,0.09908620499834855,0.042142687477491975,0.30490920859878035,0.04531341780649492,6.890113452188007,0.12344525375130946,0.5853357979051139,0.9621586755536444,0.02434136787165872,0.1624559517410261,0.08385503417379818,0.4276320067276723,0.12843703559252512,7.8523753435414205,0.20509348678839529,0.8790372119985118
Perforin+,0.009977143271777383,0.0016368487388080466,0.007132898874947315,0.0011284007176628565,0.0,0.00459738408845367,0.006813613599972746,0.0,0.0008643976229065369,0.015246226558926667,0.0,0.0,0.002830391612983572,0.0011945290569193097,0.00022973981965424158,0.006068776577990281,0.006052006912736785,0.01585575790522787,0.0,0.0
SOX2+,0.0,2.7910999077908545,0.2794799468274811,0.0011284007176628565,1.0165510660941686,55.446750798795485,0.02640275269989439,0.01678274733573886,1.300486223662885,67.59144047332157,0.004401021036880556,0.013437970328961515,45.67233122374812,37.7423400824225,0.010108552064786629,4.947136621165292,0.2447700573595766,14.333605146325995,0.0,62.51633053875637
TIM3+,40.2396328411276,5.981318099727737,40.78786110300555,8.966272102549057,27.7441373995376,29.784919047728508,20.775559568016895,10.838298229420156,17.760345759049162,36.468973928952586,14.392805797611713,47.099190138321504,7.917171419837649,15.440482589738997,3.8272356556200102,7.31981152113885,13.738055691912502,66.16532270242517,18.27522351207662,6.831572663327018
TNFa+,0.016326234444726626,0.0016368487388080466,0.04085205719288007,0.002256801435325713,0.014679437777533121,0.003831153407044725,0.0008517016999965932,0.0033565494671477718,0.0021609940572663426,0.008360833919411398,0.008802042073761111,0.004479323442987171,0.004528626580773716,0.015528877739951026,0.0,0.0017339361651400804,0.009414232975368333,0.023406118812479237,0.0,0.0017303882125954957
cCasp3+,34.6569676740558,4.340377239072671,6.2289660538858085,2.9248146601821237,6.191052882674594,35.69677187013923,4.16226620788335,6.511705966266677,11.507725553754728,11.504999286870047,10.42748584338233,8.452483336916792,0.6515561493088183,9.86203189392582,8.20906323588536,2.7656281833984284,7.16624862989288,9.61160943493099,1.38786563389817,2.4580164559919018
pLCK+,0.07528208105068389,0.08784421564936518,0.10829037382874558,0.06770404305977139,1.2954603838672978,0.10114244994598075,0.02895785779988417,0.2517412100360829,0.595569962182604,0.03442696319757634,0.12176158202036205,0.036730452232494805,0.11547997780972975,0.0011945290569193097,0.05789443455286888,0.2241112493443554,0.20509578982052437,1.7690495605689953,0.11548953624977598,0.021629852657443695
pSTAT3+,15.096324783223888,5.9330310619329,1.758583795350647,4.874691100303539,0.9137950016514367,10.778183880038924,1.5620209177937519,6.24486028362843,4.380767152890329,2.9439971671527427,0.6366810433353871,7.238586683867268,5.84589083745627,4.7518365884250136,1.0905749238986846,8.43538270138585,14.32308302681039,16.554166289148622,1.3460504569801477,1.7554788416781306
CD68+,2.869789210173058,5.486989780607708,13.108971241448627,2.9056318479818555,11.871995302579911,4.137262564267599,7.905495179368378,1.869598053201309,3.667206915180983,0.6349315641153008,3.017633424287768,7.488532931985953,1.2232952551315002,4.4711222600489755,0.2166446499339498,0.43760213967722783,1.1095346006684106,11.126211832925614,0.2110670834909699,0.026821017295230183
GFAP+Ki67+,1.9682182636142656,1.669312905461073,0.8818856790843951,0.5878967739023482,1.3578479944218136,2.6040349707682995,0.9888256736960447,0.3574725182512377,0.14910858995137763,1.216747242154341,0.39609189331925004,0.22754963090374827,4.993942961948215,1.6639789762885981,0.6414335764746424,2.326508849576703,2.5606713693001866,1.1944670955271661,2.1365564206208556,12.292677862278403
GFAP+SOX2+,0.0,1.8237223031552987,0.17637713581687903,0.0011284007176628565,0.7009431538772065,33.75207840072332,0.025551050999897795,0.0033565494671477718,0.940032414910859,38.29557023346399,0.0029340140245870372,0.0062710528201820395,24.61591585811813,17.25019411097175,0.009419332605823904,3.9241142837326444,0.12305747389231463,10.257165292500982,0.0,34.14661579325322
GFAP+cCasp3+,22.096651307912783,3.224592015451852,0.8734558895049119,2.2996806625969013,0.8147087966530883,26.168693346818994,1.1676830306953294,4.574976923722414,1.4569421934089681,7.555734794348076,8.38394507525746,6.055149430230058,0.4290873685283096,5.4697485516335185,3.3948653150307275,2.377659966448335,5.730578101149209,7.031651112923197,0.3982397801716413,1.4950554156825084
GFAP+pSTAT3+,8.840655951819468,4.2549882965315176,0.5907337159160911,3.235124857539409,0.37432566332709455,7.1761334467354745,0.8261506489966954,4.148695141394646,2.4280929227444625,1.8580723851491916,0.40342692838071764,4.627141116605748,3.9789645295323064,3.1165263095024787,0.44133019355579806,7.525716440749234,10.494179986685586,6.46612908097007,0.4997909241154098,0.9742085636912642
GFAP+PD1+,0.024489351667089942,0.00736581932463621,0.025937814090717503,0.05416323444781711,0.014679437777533121,0.0793048755258258,0.055360610499778556,0.013426197868591087,0.036736898973527825,0.0,0.011736056098348149,0.21500752526338424,0.018114506323094862,0.08122797587051304,0.014703348457871461,0.05158460091291739,0.05043339093947321,0.28615867838482684,0.025885585711156688,0.014708299807061714
GFAP+TIM3+,17.092660450604072,2.0517898940958865,8.040073922770159,4.393992394579163,5.50478916657492,14.686726585905951,11.139406534255443,5.194260300411177,6.508914100486224,16.67937185546577,5.30323034944107,19.80667240020067,4.0033058974039655,4.34330765095861,0.8270633507552697,5.645262669654817,7.347136392062456,23.81081815710791,2.467095438163318,3.356953132435262
CD4+Ki67+,0.007256104197656278,0.021279033604504605,0.3806374217812794,0.0,0.014679437777533121,0.10918787210077467,0.062174224099751305,0.010069648401443317,0.28092922744462456,0.031476080637784086,0.004401021036880556,0.028667670035117894,0.0033964699355802873,0.07764438869975512,0.01286542990063753,0.03727962755051172,0.034967151051368085,1.4481592220108122,0.09955994504291032,0.018169076232252706
CD4+pSTAT3+,0.04625766426005877,0.05756251398141631,0.07911033297668839,0.004513602870651426,0.06605746999889904,0.32411557823598375,0.047695295199809216,0.011747923135017203,0.8146947595894112,0.11065809599220967,0.004401021036880556,0.07883609259657422,0.009057253161547431,0.05614286567520754,0.01194647062202056,0.1421827655414866,0.04505382923926273,1.8656941801818125,0.02389438681029848,0.02509062908263469
CD4+cCasp3+,0.048978703334179884,0.060563403335897735,0.07262587945400902,0.006770404305977138,0.10642592388711512,0.29078454359469463,0.04002997989983988,0.011747923135017203,0.5856293895191789,0.11311716479203657,0.004401021036880556,0.04389736974127428,0.009057253161547431,0.17917935853789643,0.01309516972029177,0.08691355027764652,0.025552918075999756,0.8290296276162,0.06770076262917903,0.06488955797233109
CD4+FOXP3+,0.0018140260494140695,0.007638627447770884,0.05900852705638233,0.0,0.0,0.0655127232604648,0.054508908799781965,0.0067130989342955435,0.1041599135602377,0.0004918137599653763,0.0,0.07166917508779473,0.005660783225967144,0.16365048079794542,0.004594796393084831,0.028609946724811326,0.013448904250526188,0.10268490833861858,0.01194719340514924,0.0017303882125954957
CD4+NFAT1+,0.003628052098828139,0.001091232492538698,0.006484453522679376,0.009027205741302852,0.0366985944438328,0.004214268747749197,0.004258508499982966,0.0016782747335738859,0.008211777417612101,0.001475441279896129,0.0,0.0017917293771948684,0.0,0.0023890581138386194,0.0013784389179254495,0.0021674202064251007,0.0026897808501052376,0.012835613542327323,0.0,0.0025955823188932438
CD4+NFAT2+,0.0,0.0008184243694040233,0.009078234931751127,0.003385202152988569,0.0,0.0,0.0,0.0033565494671477718,0.007347379794705565,0.0,0.0,0.0017917293771948684,0.0005660783225967144,0.0023890581138386194,0.0,0.0036846143509226704,0.0006724452125263094,0.0015100721814502733,0.0,0.0
CD4+pLCK+,0.0018140260494140695,0.004092121847020117,0.017508024511234316,0.0011284007176628565,0.05504789166574921,0.025668727827199655,0.003406806799986373,0.05873961567508601,0.07217720151269584,0.006393578879549892,0.004401021036880556,0.004479323442987171,0.002830391612983572,0.0,0.0050542760323933145,0.025358816415173676,0.05984762391484154,1.398326840022953,0.01194719340514924,0.0008651941062977478
CD4+NFAT1+pLCK+,0.0018140260494140695,0.001091232492538698,0.0051875628181435015,0.0011284007176628565,0.03302873499944952,0.00306492272563578,0.0008517016999965932,0.0016782747335738859,0.0051863857374392225,0.001475441279896129,0.0,0.0008958646885974342,0.0,0.0,0.0013784389179254495,0.0019506781857825904,0.0013448904250526188,0.00453021654435082,0.0,0.0008651941062977478
CD4+NFAT2+pLCK+,0.0,0.0008184243694040233,0.007132898874947315,0.0011284007176628565,0.0,0.0,0.0,0.0016782747335738859,0.0051863857374392225,0.0,0.0,0.0008958646885974342,0.0,0.0,0.0,0.0028176462683526305,0.0006724452125263094,0.0007550360907251367,0.0,0.0
CD4+PD1+,0.010884156296484418,0.004092121847020117,0.08429789579483189,0.007898805023639996,0.0366985944438328,0.0655127232604648,0.06898783769972405,0.010069648401443317,0.08860075634792004,0.0,0.004401021036880556,0.2714470006450226,0.007359018193757288,0.05972645284596548,0.01171673080236632,0.026876010559671246,0.018828465950736666,0.7988281839871946,0.021903187909440274,0.011247523381870723
CD4+CD103+,0.04353662518593767,0.06601956579859122,1.0842006289919917,0.012412407894291419,0.8110389372087049,1.1884237868652736,0.6047082069975812,0.07048753881010321,2.353322528363047,0.11951074367158644,0.07921837866385001,0.4810793377768222,0.017548428000498148,0.35596965896195426,0.014933088277525701,0.05787011951155018,0.11700546697957784,6.054634411524871,0.05774476812488799,0.026821017295230183
CD8+Ki67+,0.005442078148242209,0.003000889354481419,0.009726680284019065,0.0,0.0,0.016090844309587845,0.004258508499982966,0.0,0.0030253916801728795,0.008360833919411398,0.0,0.022396617214935858,0.006792939871160575,0.026279639252224807,0.00298661765550514,0.006719002639917811,0.01210401382547357,0.21141010540303828,0.007964795603432828,0.0
CD8+pSTAT3+,0.019047273518847732,0.006274586832097512,0.009078234931751127,0.002256801435325713,0.01100957833314984,0.019155767035223627,0.004258508499982966,0.0033565494671477718,0.0030253916801728795,0.014262599038995913,0.0029340140245870372,0.0062710528201820395,0.01018940980674086,0.004778116227677239,0.0018379185572339326,0.014088231341763152,0.0026897808501052376,0.05436259853220984,0.0,0.0
CD8+cCasp3+,0.015419221420019592,0.006820203078366862,0.007132898874947315,0.003385202152988569,0.03302873499944952,0.018772651694519152,0.005110210199979559,0.00839137366786943,0.004321988114532685,0.015738040318892043,0.0058680280491740745,0.015229699706156383,0.0062268615485638595,0.021501523024547574,0.0018379185572339326,0.010403616990840484,0.0026897808501052376,0.056627706804385246,0.0,0.0
CD8+FOXP3+,0.0,0.0013640406156733723,0.0051875628181435015,0.0,0.0,0.009577883517611813,0.003406806799986373,0.0,0.00043219881145326847,0.0004918137599653763,0.0,0.0,0.0005660783225967144,0.0023890581138386194,0.0009189592786169663,0.0069357446605603215,0.0020173356375789283,0.00679532481652623,0.0,0.0
CD8+NFAT1+,0.006349091172949243,0.0013640406156733723,0.006484453522679376,0.007898805023639996,0.01100957833314984,0.004214268747749197,0.005110210199979559,0.0016782747335738859,0.0030253916801728795,0.001475441279896129,0.0,0.0017917293771948684,0.0,0.0023890581138386194,0.0013784389179254495,0.002600904247710121,0.004707116487684166,0.0037751804536256834,0.0,0.0
CD8+NFAT2+,0.0,0.0008184243694040233,0.007132898874947315,0.003385202152988569,0.0036698594443832803,0.0,0.0008517016999965932,0.0033565494671477718,0.0017287952458130739,0.0,0.0,0.0017917293771948684,0.0005660783225967144,0.0023890581138386194,0.0,0.003901356371565181,0.0013448904250526188,0.0030201443629005466,0.0,0.0
CD8+pLCK+,0.007256104197656278,0.0051833543395588145,0.009726680284019065,0.0011284007176628565,0.029358875555066243,0.013025921583952065,0.003406806799986373,0.020139296802886633,0.009508373851971908,0.006393578879549892,0.008802042073761111,0.0071669175087794735,0.01641627135530472,0.0,0.0022973981965424156,0.016038909527545744,0.030260034563683924,0.6553713267494187,0.0,0.0
CD8+NFAT1+pLCK+,0.003628052098828139,0.0013640406156733723,0.005836008170411439,0.0011284007176628565,0.01100957833314984,0.002298692044226835,0.003406806799986373,0.0016782747335738859,0.0030253916801728795,0.001475441279896129,0.0,0.0008958646885974342,0.0,0.0,0.0013784389179254495,0.002600904247710121,0.003362226062631547,0.0037751804536256834,0.0,0.0
CD8+NFAT2+pLCK+,0.0,0.0008184243694040233,0.005836008170411439,0.0011284007176628565,0.0036698594443832803,0.0,0.0008517016999965932,0.0016782747335738859,0.0017287952458130739,0.0,0.0,0.0008958646885974342,0.0,0.0,0.0,0.0028176462683526305,0.0013448904250526188,0.0030201443629005466,0.0,0.0
CD8+PD1+,0.011791169321191453,0.0016368487388080466,0.01102357098855494,0.004513602870651426,0.007339718888766561,0.016857074990996788,0.010220420399959119,0.0033565494671477718,0.009940572663425176,0.0,0.004401021036880556,0.18096466709668171,0.011321566451934289,0.03822492982141791,0.0016081787375796912,0.009970132949555462,0.003362226062631547,0.9536105825858476,0.007964795603432828,0.0
CD8+CD103+,0.05079272938359394,0.012549173664195024,0.06354764452225789,0.020311212917931417,0.0366985944438328,0.03716218804833383,0.06898783769972405,0.018461022069312747,0.058346839546191256,0.06491941631542966,0.019071091159815746,0.24905038343008673,0.020944897936078434,0.07047721435823925,0.0018379185572339326,0.018856555795898376,0.018156020738210352,0.21141010540303828,0.07168316043089544,0.0
CD8+Perforin+,0.007256104197656278,0.001091232492538698,0.003890672113607626,0.0,0.0,0.004214268747749197,0.005110210199979559,0.0,0.0008643976229065369,0.007869020159446021,0.0,0.0,0.0005660783225967144,0.0,0.0,0.005201808495420242,0.004034671275157857,0.00226510827217541,0.0,0.0
CD8+GRZMB+,0.0027210390741211044,0.0013640406156733723,0.0025937814090717507,0.0011284007176628565,0.0036698594443832803,0.00612984545127156,0.0008517016999965932,0.0,0.00043219881145326847,0.0,0.0,0.0026875940657923028,0.002264313290386858,0.005972645284596547,0.0,0.0013004521238550604,0.0020173356375789283,0.00226510827217541,0.001991198900858207,0.0
CD68+CD163+,0.2530566338932627,1.554460685621375,11.735563985345134,0.46602949639475966,8.708576461521524,3.911990743933368,6.822130616972712,0.11244440714945038,3.0396542409508376,0.06147671999567204,0.5339905524748408,6.200279509782843,0.02377528954906201,2.76772382488204,0.06042157256906553,0.1573547069864623,0.158697070156209,10.52142792425478,0.10155114394376855,0.006056358744084235
CD68+CD163+CD206+,0.21496208685556722,0.03682909662318105,2.796096358979347,0.3080533959219598,7.567250174318324,2.1565562528254754,3.379552345586482,0.10237475874800704,2.411669367909238,0.05311588607626064,0.44010210368805563,5.8222246111947245,0.02377528954906201,2.238547452666786,0.0066624547699730054,0.07520948116295098,0.10624634357915688,9.33979644226994,0.05575356922402979,0.0051911646377864875
CD163+CD206+,0.7736821100751007,0.04201245096273987,6.204973575851895,0.6962232427979824,21.633821424639436,10.48395129837789,6.3187749122747245,0.13594025341948476,17.456509994597518,0.4160744409307084,1.1017222662324326,24.49831577438544,0.07075979032458932,5.966672639311951,0.02389294124404112,0.8684852767145378,0.3906906684777858,30.97233547763583,0.5376237032317158,1.3099038769347904
CD68+CD11c+,2.6330588107245223,3.7833030516316652,9.8129235158707,2.106724139876553,10.161840801497304,2.01901784551257,3.8616155077845535,1.6648485357052951,1.7944894651539707,0.6132917586768243,2.8856027931813513,3.1695692682577223,1.2040485921632116,2.098787553007227,0.21365803227844465,0.2891338555371084,0.9622690991251489,10.005738274289511,0.18319029887895502,0.015573493913359463
CD11c+CD205+,0.40906287414287273,0.050742310903049447,4.54949259151185,0.02256801435325713,0.15780395610848102,1.0141063068447387,1.0722924402957108,0.12922715448518923,0.8181523500810371,0.07032936767504881,0.052812252442566675,1.514011323729664,0.06849547703420246,0.385832885384937,1.2215266211016025,0.11790765922952545,0.9078010369105178,7.314789646945124,0.3006710340295892,0.007786746956679732
CD11c+CD103+,0.4027137829699235,0.2695344256570584,1.9064293356677369,0.38478464472303403,9.211347205402033,2.54580143898122,5.073587026879705,1.178148862968868,11.476607239330091,0.6629649484333273,3.265557609365373,3.775173797749588,0.6351398779535137,0.7334408409484561,0.40893687898455,0.13329634269514368,0.5204725944953634,7.219655099513757,0.3066446307321638,0.11074484560611172
CD11c+P2RY12+,29.79084279650256,0.5554373387021972,0.37998897642901147,0.32723620812222837,0.6679144188777569,6.999134159330008,0.402003202398392,8.50381807501888,6.578065910318746,34.39745437197842,20.186016489158817,5.03834300867197,4.881859454074065,0.18276294570865437,1.0891964849807594,4.335490638912129,9.984466515590643,8.698015765153574,9.894267338364429,3.4330902137894634
CD68+CD163+CD11c+,0.13968000580488338,1.2811069462404312,9.16253282754596,0.30353979305130835,8.209475577085398,1.9052325893233417,3.5660750178857357,0.05538306620793824,1.4703403565640194,0.04327961087695311,0.46210720887245843,2.2620583387085214,0.022077054581271866,1.1204682553903123,0.06019183274941129,0.07564296520423601,0.11566057655452522,9.572347558213282,0.0896039505386193,0.0051911646377864875
CD68+CD163+pSTAT3+,0.015419221420019592,0.03655628850004637,0.07911033297668839,0.003385202152988569,0.04403831333259936,0.22450558965282086,0.06813613599972745,0.011747923135017203,0.18195569962182603,0.023607060478338063,0.011736056098348149,0.21411166057478678,0.003962548258177002,0.035835871707579285,0.004824536212739074,0.027309494600956268,0.006052006912736785,0.4160248859895503,0.0,0.0008651941062977478
CD68+CD163+CD206+pSTAT3+,0.010884156296484418,0.008729859940309583,0.04085205719288007,0.003385202152988569,0.03302873499944952,0.13868775333501904,0.05280550539978878,0.0067130989342955435,0.15170178282009725,0.016229854078857416,0.0058680280491740745,0.18902744929405862,0.003962548258177002,0.03105775547990205,0.0039055769341221065,0.008669680825700403,0.004707116487684166,0.34505149346138747,0.0,0.0
CD163+CD206+pSTAT3+,0.021768312592968835,0.009002668063444257,0.07197743410174108,0.011284007176628565,0.09541634555396528,1.254319625466443,0.13456886859946174,0.010069648401443317,1.1945975148568342,0.054591327356156766,0.03227415427045741,1.5623880169139253,0.01018940980674086,0.07883891775667443,0.009649072425478147,0.09926784545426962,0.0215182468008419,1.8324725921899068,0.003982397801716414,0.009517135169275227
CD68+CD11c+pSTAT3+,0.2131480608061532,0.06165463582843642,0.07846188762442045,0.02256801435325713,0.06605746999889904,0.12604494709177144,0.054508908799781965,0.020139296802886633,0.09681253376553214,0.030000639357887958,0.007335035061467594,0.15229699706156383,0.03226646438801272,0.035835871707579285,0.00712193440928149,0.032944787137661524,0.03294981541378916,0.42433028298752684,0.0,0.0008651941062977478
CD11c+CD205+pSTAT3+,0.09977143271777383,0.012549173664195024,0.07197743410174108,0.002256801435325713,0.029358875555066243,0.14673317548981296,0.033216366299867135,0.005034824200721658,0.06266882766072393,0.0560667686360529,0.0014670070122935186,0.12004586827205618,0.01981274129088501,0.0023890581138386194,0.04732640284877376,0.0366294014885842,0.0995218914538938,0.4907734589713388,0.007964795603432828,0.0025955823188932438
CD11c+CD103+pSTAT3+,0.05532779450712912,0.014458830526137747,0.04668806536329151,0.006770404305977138,0.04770817277698264,0.2325510118076148,0.0740980478997036,0.01678274733573886,0.08557536466774716,0.14459324542982063,0.014670070122935188,0.09496165699132804,0.018680584645691577,0.005972645284596547,0.02182528286715295,0.023841622270676106,0.04236404838915749,0.5572166349551508,0.003982397801716414,0.009517135169275227
P2RY12+pSTAT3+,4.202191343467692,0.03464663163810366,0.05122718282916707,0.015797610047279993,0.04770817277698264,1.5255652866852094,0.047695295199809216,0.8189980699840563,0.8203133441383036,1.6303626142852226,0.11589355397118799,0.4255357270837813,0.29549288439548493,0.016723406796870333,0.043420825914651656,0.1965850127227566,1.1384497448070419,0.7203044305517803,0.06371836482746263,0.08565421652347704
CD11c+P2RY12+pSTAT3+,3.8130827558683746,0.020733417358235258,0.0447427293064877,0.012412407894291419,0.04403831333259936,0.6149001218306783,0.040881681599836475,0.33565494671477725,0.14305780659103187,0.8542805010598586,0.06601531555320835,0.38343008671970186,0.2145436842641548,0.008361703398435167,0.04181264717707196,0.13828140916992143,0.8089515906691501,0.712754069644529,0.045797574719738755,0.07181111082271308
CD68+pSTAT3+,0.22766026920146573,0.23597902651149338,0.0914307946697792,0.027081617223908554,0.0733971888876656,0.23561593453325058,0.08005995979967977,0.03188721993790383,0.1836844948676391,0.03245970815771483,0.019071091159815746,0.2768221887766072,0.03736116929138315,0.08003344681359374,0.007581414048589972,0.06437238013082548,0.04034671275157856,0.4439612213463804,0.0,0.006056358744084235
CD163+pSTAT3+,0.037187534012988424,0.045286148440355965,0.24187011639594075,0.016926010764942847,0.17982311277478072,2.755365530346566,0.251252001498995,0.026852395737182174,3.0318746623446784,0.14213417662999375,0.06161429451632779,1.7442485486992045,0.011887644774531005,0.11825837663501165,0.01631152719545115,0.5409880835237051,0.029587589351157618,2.6509317145359548,0.00597359670257462,0.01211271748816847
CD206+pSTAT3+,0.32471066284511846,0.0362834803769117,0.09207924002204713,0.03949402511819998,0.1467943777753312,1.5956753940341277,0.2878751745988485,0.09062683561298984,1.5321447866018367,0.08065745663432171,0.11736056098348151,4.180104636995628,1.1355531151290092,0.26040733440840946,0.016771006834759634,0.22519495944756793,0.4895401147191532,4.529461508260095,0.01792079010772386,0.07267630492901082
CD11c+pSTAT3+,5.690599717011937,0.36474446063105975,0.3131991051454139,0.3452906196048341,0.22386142610738008,1.03479453524278,0.19248458419923006,0.38935973818914155,0.3168017287952458,0.9437906053735571,0.07335035061467594,1.6761628323657993,0.9147825693162905,0.20545899779012125,0.32347366607317213,0.3411519404913108,1.919158636550087,5.7669656609585935,0.2429262659047012,0.33742570145612166
CD68+CD163+CD11c+pSTAT3+,0.014512208395312556,0.023734306712716677,0.07003209804493726,0.003385202152988569,0.04403831333259936,0.11914887095909094,0.047695295199809216,0.0033565494671477718,0.09681253376553214,0.021639805438476555,0.0058680280491740745,0.09585752167992546,0.003962548258177002,0.016723406796870333,0.004824536212739074,0.010186874970197973,0.005379561700210475,0.403189272447223,0.0,0.0008651941062977478
CD68+CD163+Ki67+,0.0027210390741211044,0.14977165960093627,0.5557176668936226,0.005642003588314282,0.17248339388601416,0.09960998858316283,0.19078118079923687,0.0033565494671477718,0.13182063749324688,0.013770785279030537,0.0058680280491740745,0.12900451515803052,0.0,0.07883891775667443,0.009878812245132387,0.010186874970197973,0.014793794675578809,0.3586421430944399,0.001991198900858207,0.0
CD68+CD163+CD206+Ki67+,0.0027210390741211044,0.0024552731082120704,0.08235255973802807,0.004513602870651426,0.16147381555286433,0.06512960791976032,0.10646271249957415,0.0016782747335738859,0.12576985413290115,0.009836275199307526,0.004401021036880556,0.12900451515803052,0.0,0.058531923789046175,0.0039055769341221065,0.002384162227067611,0.01210401382547357,0.2884237866570022,0.001991198900858207,0.0
CD163+CD206+Ki67+,0.006349091172949243,0.003000889354481419,0.2729954933048018,0.004513602870651426,0.510110462769276,0.39039453217785747,0.1865226722992539,0.0016782747335738859,0.4451647757968666,0.015738040318892043,0.022005105184402782,0.381638357342507,0.0016982349677901437,0.18276294570865437,0.009649072425478147,0.017556103672043313,0.02017335637578928,1.2797861737791068,0.019911989008582067,0.14535260985802165
CD68+CD11c+Ki67+,0.03990857308710953,0.21879211475400892,0.41630191615601597,0.005642003588314282,0.20918198832984694,0.05746730110567087,0.09198378359963207,0.015104472602164975,0.07909238249594813,0.02409887423830344,0.035208168295044445,0.028667670035117894,0.0390594042591733,0.02986322642298274,0.02366320142438688,0.014955199424333194,0.0430364936016838,0.2891788227477273,0.009955994504291034,0.0017303882125954957
CD11c+CD205+Ki67+,0.008163117222363313,0.003819313723885442,0.21722919300975913,0.0011284007176628565,0.0,0.07470749143737214,0.03236466459987054,0.005034824200721658,0.02247433819556996,0.021147991678511183,0.0014670070122935186,0.013437970328961515,0.003962548258177002,0.010750761512273787,0.2127390729998277,0.006719002639917811,0.027570253713578685,0.2740781009332246,0.007964795603432828,0.0008651941062977478
CD11c+CD103+Ki67+,0.005442078148242209,0.018278144250023186,0.05057873747689914,0.0011284007176628565,0.08073690777643217,0.10535671869372992,0.10475930909958098,0.010069648401443317,0.06353322528363047,0.042295983357022365,0.051345245430273155,0.011646240951766645,0.010755488129337576,0.004778116227677239,0.07489518120728275,0.005635292536705261,0.02286313722589452,0.22575579112681585,0.01194719340514924,0.0051911646377864875
P2RY12+Ki67+,1.5682255197184631,0.017459719880619166,0.03501604902246863,0.0,0.0036698594443832803,0.9980154625351508,0.01107212209995571,0.09230511034656373,0.064397622906537,1.7120036984394749,0.45623918082328435,0.022396617214935858,0.16416271355304718,0.005972645284596547,0.11142381253230717,0.07889409551387366,0.4626423062181009,0.24765183775784483,0.3843013878656339,0.6367828622351425
CD11c+P2RY12+Ki67+,1.411312266444146,0.015550063018676443,0.02139869662484194,0.0,0.0036698594443832803,0.39920618501406036,0.009368718699962525,0.05202651674079047,0.02031334413830362,1.0510060050460093,0.353548689962738,0.017917293771948683,0.1364248757458082,0.0035835871707579287,0.1105048532536902,0.05917057163540525,0.33420527062557576,0.24765183775784483,0.31062702853388025,0.614287815471401
CD68+Ki67+,0.044443638210644704,0.2905406511384283,0.582303926336608,0.015797610047279993,0.22753128555176336,0.11110344880429703,0.20440840799918236,0.020139296802886633,0.13441383036196652,0.024590687998268818,0.03814218231963149,0.13258797391242028,0.04132371754956016,0.1242310219196082,0.02389294124404112,0.02839320470416882,0.05312317178957844,0.39261876717707106,0.009955994504291034,0.006921552850381983
CD163+Ki67+,0.007256104197656278,0.1956034242875616,1.8655772784748565,0.005642003588314282,0.6348856838783075,1.406799531066823,0.48206316219807177,0.0033565494671477718,0.5493246893571043,0.037869659517333974,0.03667517530733797,0.3995556511144556,0.003962548258177002,0.2627963925222481,0.04525874447188559,0.14326647564469913,0.027570253713578685,1.9917852073329105,0.0896039505386193,0.20505100319256625
CD206+Ki67+,0.14058701882959038,0.00736581932463621,0.301527088804591,0.010155606458965709,0.6422254027670741,0.502647327004268,0.23081116069907673,0.010069648401443317,0.5346299297676932,0.021147991678511183,0.15550274330311298,0.5428940012900452,0.39059404259173297,0.36074777518963147,0.015162828097179944,0.041180983922076905,0.06253740476494678,1.8309625200084563,0.07765675713347006,0.425675500298492
CD11c+Ki67+,2.0026847585531327,0.5057862602916865,1.112732224491781,0.0801164509540628,1.100957833314984,0.6539778865825345,0.19759479439920963,0.08391373667869431,0.1603457590491626,1.1537950808787727,0.3667517530733797,0.11467068014047158,1.2680154426166406,0.1911246491070895,1.5505140428464763,0.13394656875707123,0.6273913832870467,1.9502582223430278,1.5073375679496626,3.089608153589258
CD68+CD163+CD11c+Ki67+,0.0018140260494140695,0.11512502796283262,0.40657523587199695,0.0,0.16881353444163089,0.05325303235792167,0.08857697679964568,0.0,0.07866018368449486,0.01327897151906516,0.004401021036880556,0.02687594065792303,0.0,0.014334348683031715,0.009878812245132387,0.003251130309637651,0.01075912340042095,0.27936335356830055,0.001991198900858207,0.0
CD68+CD163+cCasp3+,0.019047273518847732,0.030281701667948868,0.051875628181435006,0.006770404305977138,0.23487100444052994,0.29844685040878405,0.08176336319967295,0.015104472602164975,0.15861696380334955,0.02508250175823419,0.023472112196696298,0.12004586827205618,0.0033964699355802873,0.17798482948097713,0.008040893687898456,0.010837101032125502,0.004707116487684166,0.09362447524991695,0.0,0.0008651941062977478
CD68+CD163+CD206+cCasp3+,0.012698182345898486,0.005728970585828164,0.031125376908861007,0.003385202152988569,0.17982311277478072,0.17201878797630812,0.040881681599836475,0.00839137366786943,0.11799027552674231,0.01721348159878817,0.016137077135228706,0.11467068014047158,0.0033964699355802873,0.14214895777339784,0.0039055769341221065,0.007802712743130362,0.004034671275157857,0.08078886170758963,0.0,0.0
CD163+CD206+cCasp3+,0.03355948191416029,0.005728970585828164,0.0966183574879227,0.007898805023639996,0.4036845388821608,2.3078868124037424,0.10646271249957415,0.011747923135017203,1.5779578606158835,0.060493092475741285,0.04547721738109908,1.9583602092739911,0.007359018193757288,0.416890640864839,0.009649072425478147,0.056569667387695116,0.01210401382547357,1.0298692277490864,0.00597359670257462,0.023360240870039194
CD68+CD11c+cCasp3+,0.15691325327431702,0.056198473365742935,0.04928184677236326,0.020311212917931417,0.275239458328746,0.15247990560038005,0.05195380369979218,0.028530670470756064,0.128795245813074,0.033935149437610966,0.04987823841797964,0.0627105282018204,0.0062268615485638595,0.12064743474885027,0.021136063408190225,0.012354295176623072,0.012776459037999878,0.09362447524991695,0.001991198900858207,0.0034607764251909914
CD11c+CD205+cCasp3+,0.15691325327431702,0.012549173664195024,0.09921213889699444,0.003385202152988569,0.04036845388821608,0.215693936816618,0.04428848839982284,0.00839137366786943,0.08254997298757429,0.05901765119584515,0.0058680280491740745,0.08958646885974343,0.013019801419724433,0.035835871707579285,0.2164149101142956,0.031644335013806466,0.04639871966431535,0.19404427531636012,0.00597359670257462,0.0025955823188932438
CD11c+CD103+cCasp3+,0.038094547037695464,0.015277254895541768,0.048633401420095326,0.004513602870651426,0.27890931777312933,0.36970630377981595,0.10901781759956393,0.040278593605773266,1.4055105348460293,0.16918393342808946,0.1965789396473315,0.07614849853078191,0.009623331484144146,0.0250851101953055,0.06340819022457067,0.022541170146821044,0.019500911163262975,0.348071637824288,0.0,0.026821017295230183
P2RY12+cCasp3+,8.916845045894858,0.040102794100797146,0.04539117465875563,0.016926010764942847,0.05137803222136592,4.925330820096698,0.0374748747998501,1.0724175547537134,3.6205294435440303,6.317347746755258,2.6332775870668663,0.46047444993908115,0.048116657420720736,0.06808815624440065,0.15760151628280972,0.1267940820758684,0.580320218410205,0.3201353024674579,0.10155114394376855,0.1427570275391284
CD11c+P2RY12+cCasp3+,7.979900591372492,0.024552731082120704,0.03890672113607626,0.014669209329617133,0.04036845388821608,1.574604050295382,0.027254454399890982,0.32390702357976,0.7321447866018368,3.486467744394553,1.3144382830149928,0.4094101626890274,0.03736116929138315,0.021501523024547574,0.14910114295560278,0.0819284838028688,0.41489869612873287,0.31862523028600764,0.05575356922402979,0.11593601024389821
CD68+cCasp3+,0.16961143562021552,0.17514281505246102,0.062250753817722014,0.025953216506245696,0.40735439832654413,0.3172195021033032,0.0996490988996014,0.05706134094151213,0.2225823878984333,0.03836147327729936,0.07188334360238242,0.15229699706156383,0.007359018193757288,0.2723526249776026,0.021595543047498708,0.014304973362405663,0.017483575525684043,0.10041980006644319,0.001991198900858207,0.01211271748816847
CD163+cCasp3+,0.05532779450712912,0.039284369731393126,0.41111435333787244,0.014669209329617133,0.6458952622114573,7.757319418584159,0.3807106598984772,0.04699169254006881,4.034143706104809,0.15688858942895506,0.07628436463926298,2.0972192360065938,0.007359018193757288,0.5793465926058651,0.046407443570156796,0.22237731317921533,0.016138685100631427,1.4625049077345897,0.019911989008582067,0.026821017295230183
CD206+cCasp3+,0.3836665094510757,0.013094789910464373,0.12709528904451578,0.023696415070919987,0.5688282138794084,2.8408002513236634,0.24188328279903248,0.09230511034656373,2.4488384656942195,0.08459196671404473,2.2151805885632134,4.91292195226833,0.05943822387265502,0.9173983157140297,0.018838665211647808,0.11574023902310036,0.08876276805347284,2.274923741354837,0.039823978017164134,0.12458795130687571
CD11c+cCasp3+,11.542647752421725,0.35028563010492203,0.5686865739389813,0.29338418659234267,1.1963741788689495,2.5910090491843474,0.2716928422989132,0.41117730972560207,1.8761750405186386,3.752538988535821,1.4699410263181059,1.8051673475238301,0.13472664077801805,0.45272651257241836,2.431106771581184,0.13264611663321615,0.8923347970224127,4.389779831475944,0.2688118516158579,0.36251633053875637
CD68+CD163+CD11c+cCasp3+,0.013605195370605522,0.020733417358235258,0.04603962001102357,0.006770404305977138,0.1981724099966971,0.1463500601491085,0.047695295199809216,0.0033565494671477718,0.09119394921663966,0.02262343295840731,0.016137077135228706,0.050168422561456316,0.0033964699355802873,0.07764438869975512,0.008040893687898456,0.00931990688762793,0.004707116487684166,0.08833922261484099,0.0,0.0008651941062977478
CD68+CD163+HLADR+,0.10521351086601603,1.2281821703523044,10.97688292319165,0.3193374030985884,2.8588205071745754,3.144227601161606,5.081252342179675,0.07887891247797264,1.0679632631010265,0.049673189756503006,0.2288530939177889,5.037447143983373,0.0062268615485638595,2.4523681538553426,0.05215093906151283,0.13351308471578618,0.07262408295284141,10.475370722720546,0.06371836482746263,0.0043259705314887395
CD68+CD163+CD206+HLADR+,0.06711896382832058,0.032191358529891585,2.536718218072172,0.1997269270263256,2.7817534588425263,1.773440912121003,2.3047048001907813,0.06880926407652933,0.9620745542949757,0.04131235583709161,0.17017281342604818,4.9397978929262525,0.0062268615485638595,1.9793346473152962,0.005284015852047556,0.05440224718127003,0.04908850051442058,9.30279967382441,0.03185918241373131,0.0034607764251909914
CD163+CD206+HLADR+,0.16779740957080141,0.034101015391834306,4.2888175599001395,0.29338418659234267,4.756137839920731,5.246381475607046,3.538820563485845,0.08223546194512042,2.9514856834143703,0.2808256569402299,0.23472112196696301,15.00662939869562,0.012453723097127719,3.614644926237831,0.008270633507552697,0.5878043599824873,0.11162590527936736,30.25731629971913,0.19911989008582065,0.07613708135420182
CD68+CD11c+HLADR+,2.2258099626310637,3.0625439903098557,9.351878870408196,0.39832545333498826,2.9505669932841574,1.6190454298171009,3.0133206145879465,1.5926827221616178,0.6046461372231227,0.46033767932759223,0.5281225244256668,1.7182684727298787,0.642498896147271,1.7225109000776444,0.18172419734650508,0.22606192753013798,0.4438138402673642,9.972516686297606,0.10951593954720137,0.010382329275572975
CD11c+CD205+HLADR+,0.24398650364619237,0.027008004190332772,4.309567811172713,0.009027205741302852,0.05137803222136592,0.6589583860116927,0.917282730896331,0.12419233028446756,0.3392760669908158,0.049673189756503006,0.011736056098348149,1.1278936429441697,0.020944897936078434,0.3069939676282626,0.6372982597208661,0.09449952100013438,0.45322807324273257,7.20832955815288,0.11548953624977598,0.0051911646377864875
CD11c+CD103+HLADR+,0.3029423502521496,0.23843429961970547,1.7501540057711638,0.06544724162444568,1.5670299827516605,1.6121493536844202,2.887268762988451,1.1143744230930603,0.6119935170178282,0.4711575820468305,0.49731537716750285,0.48287106715401706,0.30341798091183897,0.4802006808815624,0.2458216070300385,0.0754262231835935,0.22056202970862948,6.912355410588626,0.12942792855578342,0.019899464444848202
P2RY12+HLADR+,7.59804810797083,0.42312539898188006,0.4688259896897189,0.018054411482605705,0.04770817277698264,4.694312269651901,0.48972847749804105,5.006293530250902,1.7201512695840087,11.423358202715796,0.6718892116304316,2.003153443703863,0.29775719768587183,0.0752553305859165,0.2465108264890012,1.8949754864774655,1.453826549481881,8.439038386034852,1.8717269668067145,0.07873266367309506
CD11c+P2RY12+HLADR+,7.594420055872002,0.41275869030276247,0.36118406121324126,0.018054411482605705,0.04403831333259936,2.8385015592794365,0.34068067999863727,4.731056473944785,0.4101566720691518,11.291060301285109,0.6484170994337353,1.7487278721421917,0.29436072775029154,0.05136474944753031,0.2465108264890012,1.7751171490621573,1.43029096704346,8.4345081694905,1.8418589832938412,0.0631591697597356
CD68+HLADR+,2.2575554184958095,4.061294529105899,11.936582044548196,0.5021383193599711,3.0680024955044223,3.318161965841436,5.549688277177801,1.7202316019132333,1.1098865478119935,0.47607571964648426,0.545726608573189,5.328603167777539,0.6470275227280446,3.748432180612794,0.1840215955430475,0.3528560096060064,0.48685033386904797,11.057503548669628,0.12345433185320881,0.021629852657443695
CD163+HLADR+,0.20952000870732504,1.4633427724943937,22.818791946308725,0.5134223265365997,4.9653198282505775,13.4316407297581,8.68735733996525,0.10237475874800704,4.806050783360346,0.41902532349050065,0.32567555672916115,15.603275281301512,0.014151958064917862,4.667025025383743,0.14818218367698582,1.9255361113880591,0.149955282393367,39.78813687294252,0.4639493438999622,0.09344096348015678
CD206+HLADR+,0.8870587381634801,0.10039338931356019,4.7323541808514085,0.36898703467575406,5.266248302690006,5.477783141392548,3.93741695908425,0.3641856171855333,3.217720151269584,0.449517776608354,0.4577061878355778,21.072529205188847,0.24794230529736094,5.590395986382369,0.018608925391993568,1.0793752627997,0.3463092844510493,37.47319621877926,0.6292188526711934,0.21975930299962795
CD11c+HLADR+,9.718644559735878,5.495174024301748,20.177025581169147,0.8609697475767595,5.2845975999119235,5.731405496938908,4.949238578680204,6.394226734916505,1.5005942733657482,12.457642539922983,0.8787372003638179,4.661183974772451,2.7788784856272715,3.210894104999104,1.485497673884326,2.9476914807381367,2.0328018774670333,46.280692217087974,3.1699886501662653,0.2751317258026838
CD68+CD163+CD11c+HLADR+,0.08798026339658238,1.039126141019975,8.762442045196641,0.23696415070919985,2.7964328966200593,1.5320782474771855,2.843831976288625,0.04699169254006881,0.57784981091302,0.035410590717507094,0.2185840448317343,1.4889271124489356,0.0062268615485638595,0.9759302395030759,0.05215093906151283,0.05873708759412022,0.059175178702315236,9.548186403310078,0.05774476812488799,0.0034607764251909914
CD68+CD163+INFgamma+,0.003628052098828139,0.0032736974776160933,0.003890672113607626,0.002256801435325713,0.0,0.01225969090254312,0.003406806799986373,0.013426197868591087,0.0012965964343598056,0.0,0.004401021036880556,0.0026875940657923028,0.0033964699355802873,0.0011945290569193097,0.0034460972948136236,0.007802712743130362,0.0026897808501052376,0.005285252635075957,0.0,0.0008651941062977478
CD68+CD163+CD206+INFgamma+,0.0027210390741211044,0.0013640406156733723,0.003890672113607626,0.002256801435325713,0.0,0.011110344880429703,0.0025551050999897797,0.0067130989342955435,0.0008643976229065369,0.0,0.0029340140245870372,0.0017917293771948684,0.0033964699355802873,0.0011945290569193097,0.0032163574751593823,0.006502260619275302,0.0026897808501052376,0.00453021654435082,0.0,0.0
CD163+CD206+INFgamma+,0.0027210390741211044,0.0013640406156733723,0.003890672113607626,0.002256801435325713,0.01100957833314984,0.013025921583952065,0.0025551050999897797,0.0067130989342955435,0.0008643976229065369,0.0,0.004401021036880556,0.0053751881315846056,0.0033964699355802873,0.0011945290569193097,0.0036758371144678652,0.008236196784415381,0.0026897808501052376,0.007550360907251367,0.0,0.0
CD68+CD11c+INFgamma+,0.006349091172949243,0.004364929970154792,0.003890672113607626,0.01918281220026856,0.0,0.01225969090254312,0.004258508499982966,0.005034824200721658,0.0008643976229065369,0.0,0.0058680280491740745,0.004479323442987171,0.0033964699355802873,0.0,0.0039055769341221065,0.0071524866812028316,0.003362226062631547,0.005285252635075957,0.0,0.0025955823188932438
CD11c+CD205+INFgamma+,0.003628052098828139,0.001091232492538698,0.003890672113607626,0.006770404305977138,0.01100957833314984,0.011493460221134174,0.0017034033999931864,0.0016782747335738859,0.0012965964343598056,0.0,0.0014670070122935186,0.0026875940657923028,0.0062268615485638595,0.0023890581138386194,0.005284015852047556,0.008669680825700403,0.003362226062631547,0.005285252635075957,0.0,0.0008651941062977478
CD11c+CD103+INFgamma+,0.003628052098828139,0.0013640406156733723,0.003890672113607626,0.006770404305977138,0.0,0.01225969090254312,0.003406806799986373,0.005034824200721658,0.0,0.0,0.011736056098348149,0.0035834587543897367,0.0033964699355802873,0.0011945290569193097,0.004135316753776349,0.008236196784415381,0.0026897808501052376,0.00226510827217541,0.0,0.0017303882125954957
P2RY12+INFgamma+,0.007256104197656278,0.003546505600750768,0.003890672113607626,0.014669209329617133,0.01100957833314984,0.019155767035223627,0.0025551050999897797,0.018461022069312747,0.0012965964343598056,0.0,0.014670070122935188,0.004479323442987171,0.008491174838950717,0.009556232455354478,0.004135316753776349,0.012137553155980562,0.005379561700210475,0.0037751804536256834,0.0,0.0025955823188932438
CD11c+P2RY12+INFgamma+,0.006349091172949243,0.001909656861942721,0.003242226761339688,0.014669209329617133,0.01100957833314984,0.017240190331701263,0.0017034033999931864,0.0033565494671477718,0.0008643976229065369,0.0,0.014670070122935188,0.004479323442987171,0.007925096516354004,0.0035835871707579287,0.004135316753776349,0.009970132949555462,0.004034671275157857,0.0037751804536256834,0.0,0.0025955823188932438
CD68+INFgamma+,0.006349091172949243,0.009548284309713606,0.0045391174658755635,0.024824815788582838,0.0036698594443832803,0.014558382946769954,0.005961911899976152,0.023495846270034405,0.0017287952458130739,0.0,0.0058680280491740745,0.0053751881315846056,0.00509470490337043,0.007167174341515857,0.005284015852047556,0.008669680825700403,0.004707116487684166,0.007550360907251367,0.0,0.0051911646377864875
CD163+INFgamma+,0.003628052098828139,0.0032736974776160933,0.0045391174658755635,0.003385202152988569,0.01100957833314984,0.01647395965029232,0.003406806799986373,0.013426197868591087,0.0017287952458130739,0.0,0.0058680280491740745,0.0062710528201820395,0.0033964699355802873,0.0011945290569193097,0.004135316753776349,0.010620359011482993,0.0026897808501052376,0.009815469179426778,0.0,0.0008651941062977478
CD206+INFgamma+,0.004535065123535174,0.002182464985077396,0.0045391174658755635,0.005642003588314282,0.01100957833314984,0.014558382946769954,0.003406806799986373,0.0067130989342955435,0.0017287952458130739,0.0,0.016137077135228706,0.009854511574571777,0.01358587974232115,0.0035835871707579287,0.0043650565734305894,0.009103164866985421,0.005379561700210475,0.010570505270151914,0.0,0.0017303882125954957
CD11c+INFgamma+,0.009977143271777383,0.009548284309713606,0.007132898874947315,0.047392830141839974,0.01100957833314984,0.018772651694519152,0.005961911899976152,0.005034824200721658,0.0021609940572663426,0.0,0.014670070122935188,0.008958646885974341,0.016982349677901434,0.005972645284596547,0.008500373327206937,0.012571037197265583,0.01075912340042095,0.01585575790522787,0.0,0.0025955823188932438
CD68+CD163+CD11c+INFgamma+,0.003628052098828139,0.0013640406156733723,0.003242226761339688,0.002256801435325713,0.0,0.01072722953972523,0.0025551050999897797,0.0033565494671477718,0.0008643976229065369,0.0,0.004401021036880556,0.0026875940657923028,0.0033964699355802873,0.0,0.0034460972948136236,0.0071524866812028316,0.0026897808501052376,0.00453021654435082,0.0,0.0008651941062977478
CD68+CD163+TNFa+,0.006349091172949243,0.001091232492538698,0.011672016340822877,0.0011284007176628565,0.007339718888766561,0.003448038066340252,0.0008517016999965932,0.0016782747335738859,0.0012965964343598056,0.006393578879549892,0.0029340140245870372,0.0017917293771948684,0.002830391612983572,0.0011945290569193097,0.0,0.0015171941444975703,0.0020173356375789283,0.0037751804536256834,0.0,0.0
CD68+CD163+CD206+TNFa+,0.005442078148242209,0.0002728081231346745,0.01102357098855494,0.0011284007176628565,0.007339718888766561,0.003448038066340252,0.0,0.0016782747335738859,0.0008643976229065369,0.005409951359619139,0.0014670070122935186,0.0008958646885974342,0.002830391612983572,0.0011945290569193097,0.0,0.0015171941444975703,0.0020173356375789283,0.00226510827217541,0.0,0.0
CD163+CD206+TNFa+,0.005442078148242209,0.0002728081231346745,0.012320461693090815,0.0011284007176628565,0.01100957833314984,0.003448038066340252,0.0,0.0016782747335738859,0.0008643976229065369,0.005901765119584516,0.0029340140245870372,0.0026875940657923028,0.002830391612983572,0.0011945290569193097,0.0,0.0015171941444975703,0.0020173356375789283,0.005285252635075957,0.0,0.0
CD68+CD11c+TNFa+,0.009070130247070348,0.001091232492538698,0.01102357098855494,0.0011284007176628565,0.007339718888766561,0.003831153407044725,0.0008517016999965932,0.0016782747335738859,0.0012965964343598056,0.006393578879549892,0.0029340140245870372,0.0017917293771948684,0.002830391612983572,0.0,0.0,0.0015171941444975703,0.0026897808501052376,0.0030201443629005466,0.0,0.0
CD11c+CD205+TNFa+,0.005442078148242209,0.000545616246269349,0.012320461693090815,0.0011284007176628565,0.01100957833314984,0.003448038066340252,0.0,0.0016782747335738859,0.0008643976229065369,0.006393578879549892,0.0014670070122935186,0.0017917293771948684,0.003962548258177002,0.0023890581138386194,0.0,0.0015171941444975703,0.0020173356375789283,0.0030201443629005466,0.0,0.0
CD11c+CD103+TNFa+,0.005442078148242209,0.000545616246269349,0.011672016340822877,0.0011284007176628565,0.007339718888766561,0.003448038066340252,0.0008517016999965932,0.0016782747335738859,0.00043219881145326847,0.007377206399480644,0.007335035061467594,0.0008958646885974342,0.002264313290386858,0.0011945290569193097,0.0,0.0015171941444975703,0.0020173356375789283,0.0015100721814502733,0.0,0.0
P2RY12+TNFa+,0.010884156296484418,0.001091232492538698,0.011672016340822877,0.0011284007176628565,0.01100957833314984,0.003831153407044725,0.0,0.0016782747335738859,0.0017287952458130739,0.008360833919411398,0.007335035061467594,0.0017917293771948684,0.003962548258177002,0.008361703398435167,0.0,0.0015171941444975703,0.003362226062631547,0.0015100721814502733,0.0,0.0
CD11c+P2RY12+TNFa+,0.009977143271777383,0.000545616246269349,0.01102357098855494,0.0011284007176628565,0.01100957833314984,0.003831153407044725,0.0,0.0016782747335738859,0.0012965964343598056,0.007869020159446021,0.007335035061467594,0.0017917293771948684,0.003962548258177002,0.0023890581138386194,0.0,0.0015171941444975703,0.0026897808501052376,0.0015100721814502733,0.0,0.0
CD68+TNFa+,0.010884156296484418,0.0016368487388080466,0.011672016340822877,0.0011284007176628565,0.01100957833314984,0.003831153407044725,0.0008517016999965932,0.0016782747335738859,0.0017287952458130739,0.006393578879549892,0.004401021036880556,0.0017917293771948684,0.002830391612983572,0.005972645284596547,0.0,0.0015171941444975703,0.004034671275157857,0.00453021654435082,0.0,0.0008651941062977478
CD163+TNFa+,0.006349091172949243,0.001091232492538698,0.014914243102162566,0.0011284007176628565,0.01100957833314984,0.003448038066340252,0.0008517016999965932,0.0016782747335738859,0.0017287952458130739,0.007377206399480644,0.004401021036880556,0.0035834587543897367,0.002830391612983572,0.0011945290569193097,0.0,0.0015171941444975703,0.0020173356375789283,0.00679532481652623,0.0,0.0
CD206+TNFa+,0.005442078148242209,0.0002728081231346745,0.012968907045358751,0.0011284007176628565,0.01100957833314984,0.003448038066340252,0.0,0.0016782747335738859,0.0012965964343598056,0.005901765119584516,0.0058680280491740745,0.0035834587543897367,0.003962548258177002,0.0023890581138386194,0.0,0.0015171941444975703,0.0026897808501052376,0.00679532481652623,0.0,0.0008651941062977478
CD11c+TNFa+,0.011791169321191453,0.001091232492538698,0.017508024511234316,0.002256801435325713,0.01100957833314984,0.003831153407044725,0.0008517016999965932,0.0016782747335738859,0.0017287952458130739,0.007869020159446021,0.007335035061467594,0.0026875940657923028,0.004528626580773716,0.0035835871707579287,0.0,0.0015171941444975703,0.005379561700210475,0.012080577451602187,0.0,0.0008651941062977478
CD68+CD163+CD11c+TNFa+,0.006349091172949243,0.000545616246269349,0.01102357098855494,0.0011284007176628565,0.007339718888766561,0.003448038066340252,0.0008517016999965932,0.0016782747335738859,0.0008643976229065369,0.006393578879549892,0.0029340140245870372,0.0017917293771948684,0.002830391612983572,0.0,0.0,0.0015171941444975703,0.0020173356375789283,0.0030201443629005466,0.0,0.0
CD68+CD163+CD4+,0.030838442840039185,0.11512502796283262,3.6274033005868427,0.007898805023639996,1.009211347205402,0.9995479238979686,0.5229448437979082,0.03356549467147772,1.7391680172879527,0.029508825597922575,0.06161429451632779,0.5688740772593707,0.011321566451934289,0.8839515021202891,0.004824536212739074,0.05960405567669026,0.04236404838915749,8.814291323125245,0.025885585711156688,0.0008651941062977478
CD68+CD163+CD206+CD4+,0.027210390741211045,0.013094789910464373,1.0796615115261161,0.007898805023639996,0.9982017688722523,0.6225624286447679,0.2997989983988008,0.03188721993790383,1.455213398163155,0.022131619198441935,0.06014728750403427,0.5617071597505913,0.011321566451934289,0.7298572537776982,0.004135316753776349,0.023191396208748577,0.029587589351157618,7.870496209718825,0.01792079010772386,0.0
CD163+CD206+CD4+,0.07981714617421906,0.015004446772407096,1.4194468761145154,0.018054411482605705,1.4826232155308452,1.0991579124811315,0.48887677579804456,0.040278593605773266,4.565316045380875,0.06885392639515268,0.10415749787283984,1.4835519243173512,0.022643132903868577,1.2458938063668399,0.01033829188444087,0.09970132949555463,0.0719516377403151,20.3051855878711,0.0876127516377611,0.06921552850381983
CD68+CD11c+CD4+,0.03537350796357436,0.11758030107104468,3.257789449794118,0.012412407894291419,1.0275606444273184,0.7152763410952502,0.324498347698702,0.0604178904086599,0.9434900054024852,0.027541570558061074,0.05574626646715371,0.22396617214935857,0.010755488129337576,0.4957295586215135,0.005284015852047556,0.04009727381886436,0.0854005419908413,8.592310712452054,0.045797574719738755,0.0034607764251909914
CD11c+CD205+CD4+,0.026303377716504008,0.020460609235100586,2.1774794929157344,0.009027205741302852,0.06238761055451577,0.5037966730263813,0.19503968929921986,0.1090878576823026,0.5765532144786601,0.05360769983622602,0.007335035061467594,0.21859098401777396,0.01585019303270801,0.16603953891178402,0.02389294124404112,0.049417180706492286,0.16676641270652473,6.922925915858778,0.039823978017164134,0.0043259705314887395
CD11c+CD103+CD4+,0.019047273518847732,0.04310368345527856,0.9032843757092371,0.009027205741302852,0.7853499210980219,0.8543472097709736,0.3227949442987088,0.06377443987580766,1.1353862776877364,0.09246098687349075,0.06601531555320835,0.13706729735540746,0.01641627135530472,0.1612614226841068,0.014933088277525701,0.03944704775693683,0.0995218914538938,5.824348403853704,0.04181517691802234,0.021629852657443695
P2RY12+CD4+,0.10067844574248087,0.04419491594781726,0.05382096423823883,0.018054411482605705,0.09908620499834855,1.308722003846478,0.15415800769938337,0.023495846270034405,3.22117774176121,0.15787221694888579,0.030807147258163897,0.21500752526338424,0.017548428000498148,0.06450456907364271,0.013784389179254494,0.12462666186944327,0.1708010839816826,7.8652109570837485,0.8343123394595886,0.09603654579905002
CD11c+P2RY12+CD4+,0.08888727642128941,0.02646238794406342,0.049930292124631195,0.013540808611954277,0.08440676722081544,0.966600004597384,0.13286546519946854,0.011747923135017203,0.9988114532685034,0.12393706751127483,0.023472112196696298,0.2015695549344227,0.016982349677901434,0.03344681359374067,0.013554649359600254,0.06133799184183035,0.15802462494368272,7.860680740539398,0.8104179526492901,0.07181111082271308
CD68+CD4+,0.04716467728476581,0.19805869739577364,3.6364815355185947,0.018054411482605705,1.0459099416492348,1.0179374602517834,0.5314618607978742,0.06880926407652933,1.7750405186385736,0.030492453117853334,0.0630813015286213,0.5733534007023579,0.012453723097127719,1.0499910410320732,0.005284015852047556,0.07781038541066111,0.09212499411610439,9.000030201443629,0.051771171422313376,0.006921552850381983
CD163+CD4+,0.08979428944599645,0.13040228285837438,4.902895308497876,0.020311212917931417,1.559690263862894,1.9910504256411437,0.891731679896433,0.041956868339347156,6.823987034035657,0.1475441279896129,0.10562450488513335,1.534616211567405,0.022643132903868577,1.4955503792629756,0.016541267015105394,0.303005344858229,0.09817700102884117,25.81845912234605,0.2070846856892535,0.07181111082271308
CD206+CD4+,0.3156405325980481,0.022643074220177983,1.434361119216678,0.023696415070919987,1.559690263862894,1.1336382931445341,0.5374237726978504,0.11580095661659813,4.7070772555375475,0.08065745663432171,0.11589355397118799,1.8266681000501686,0.03283254271060944,1.5684166517350533,0.01171673080236632,0.1317791485506461,0.1560072893061038,21.63102896318444,0.13341032635749986,0.09430615758645453
CD11c+CD4+,0.1931937742625984,0.15304535707855235,4.176636513957786,0.016926010764942847,1.5376711071965943,1.3918580327793484,0.4718427417981126,0.1342619786859109,2.352890329551594,0.14803594174957826,0.08802042073761113,0.5572278363076042,0.03849332593657658,0.7226900794361822,0.0326230543909023,0.13112892248871857,0.308652352549576,26.851348494458033,1.3619800481870135,0.13064431005095994
CD68+CD163+CD11c+CD4+,0.020861299568261802,0.09139072125011594,3.251304996271439,0.003385202152988569,0.9982017688722523,0.6995686121263668,0.31768473409872927,0.028530670470756064,0.9192868719611021,0.0270497567980957,0.054279259454860194,0.22307030746076115,0.010755488129337576,0.385832885384937,0.004824536212739074,0.027309494600956268,0.03698448668894702,8.41789737549455,0.021903187909440274,0.0008651941062977478
CD68+CD163+CD8+,0.012698182345898486,0.004910546216424141,0.014914243102162566,0.003385202152988569,0.03302873499944952,0.01992199771663257,0.024699349299901203,0.005034824200721658,0.02031334413830362,0.012295343999134409,0.008802042073761111,0.1048161685658998,0.003962548258177002,0.008361703398435167,0.0013784389179254495,0.007369228701845341,0.0026897808501052376,0.2302860076711667,0.0,0.0
CD68+CD163+CD206+CD8+,0.008163117222363313,0.002182464985077396,0.012968907045358751,0.003385202152988569,0.02568901611068296,0.019155767035223627,0.017885735699928455,0.0033565494671477718,0.019016747703943817,0.010328088959272903,0.008802042073761111,0.1021285745001075,0.003962548258177002,0.007167174341515857,0.0011486990982712078,0.006068776577990281,0.0026897808501052376,0.20763492494941257,0.0,0.0
CD163+CD206+CD8+,0.009977143271777383,0.002182464985077396,0.02853159549978926,0.003385202152988569,0.029358875555066243,0.029882996574948854,0.030661261199877353,0.0033565494671477718,0.0631010264721772,0.01967255039861505,0.010269049086054631,0.3789507632767147,0.005660783225967144,0.02866869736606343,0.0011486990982712078,0.009536648908270443,0.003362226062631547,0.7897677508984929,0.0,0.0
CD68+CD11c+CD8+,0.018140260494140695,0.005728970585828164,0.011672016340822877,0.009027205741302852,0.05137803222136592,0.017623305672405734,0.015330630599938676,0.011747923135017203,0.012101566720691518,0.012787157759099783,0.008802042073761111,0.015229699706156383,0.004528626580773716,0.0023890581138386194,0.0013784389179254495,0.0069357446605603215,0.003362226062631547,0.22651082721754098,0.0,0.0
CD11c+CD205+CD8+,0.008163117222363313,0.0027280812313467445,0.012968907045358751,0.005642003588314282,0.0366985944438328,0.021071343738745987,0.006813613599972746,0.020139296802886633,0.00907617504051864,0.011311716479203655,0.0014670070122935186,0.024188346592130722,0.013019801419724433,0.007167174341515857,0.0032163574751593823,0.009970132949555462,0.013448904250526188,0.28313853402192624,0.0,0.0
CD11c+CD103+CD8+,0.02539636469179697,0.004910546216424141,0.016859579158966378,0.009027205741302852,0.0366985944438328,0.027201189190017547,0.023847647599904608,0.015104472602164975,0.01944894651539708,0.035410590717507094,0.016137077135228706,0.021500752526338422,0.007925096516354004,0.004778116227677239,0.0016081787375796912,0.010620359011482993,0.01143156861294726,0.15629247078010328,0.019911989008582067,0.0
P2RY12+CD8+,0.0390015600624025,0.005728970585828164,0.009726680284019065,0.009027205741302852,0.007339718888766561,0.03524661134481147,0.004258508499982966,0.015104472602164975,0.012965964343598056,0.05016500351646838,0.016137077135228706,0.010750376263169211,0.015284114710111292,0.013139819626112404,0.0016081787375796912,0.014304973362405663,0.01210401382547357,0.2083899610401377,0.00597359670257462,0.0
CD11c+P2RY12+CD8+,0.03537350796357436,0.003546505600750768,0.009078234931751127,0.009027205741302852,0.007339718888766561,0.029499881234244383,0.003406806799986373,0.0067130989342955435,0.004754186925985954,0.0393451007972301,0.014670070122935188,0.009854511574571777,0.014151958064917862,0.0023890581138386194,0.0016081787375796912,0.012137553155980562,0.01075912340042095,0.2083899610401377,0.0,0.0
CD68+CD8+,0.02539636469179697,0.013094789910464373,0.017508024511234316,0.012412407894291419,0.058717751110132485,0.022220689760859405,0.027254454399890982,0.02517412100360829,0.021177741761210157,0.014754412798961287,0.010269049086054631,0.11019135669748442,0.0062268615485638595,0.019112464910708955,0.0025271380161966573,0.008452938805057892,0.004707116487684166,0.24387665730421915,0.001991198900858207,0.0
CD163+CD8+,0.014512208395312556,0.0051833543395588145,0.07132898874947313,0.003385202152988569,0.04036845388821608,0.03716218804833383,0.06558103089973767,0.0067130989342955435,0.075634792004322,0.022131619198441935,0.010269049086054631,0.3914928689170788,0.006792939871160575,0.03344681359374067,0.0013784389179254495,0.013221263259193114,0.004034671275157857,1.0087282172087826,0.0,0.0
CD206+CD8+,0.027210390741211045,0.003000889354481419,0.03047693155659307,0.005642003588314282,0.04770817277698264,0.034863496004107,0.03406806799986373,0.020139296802886633,0.0687196110210697,0.03688603199740322,0.017604084147522223,0.4783917437110299,0.022643132903868577,0.05494833661828824,0.0011486990982712078,0.011704069114695542,0.01008667818789464,0.9536105825858476,0.01194719340514924,0.0
CD11c+CD8+,0.05169974240830098,0.008729859940309583,0.03047693155659307,0.014669209329617133,0.10275606444273185,0.03524661134481147,0.031512962899873945,0.026852395737182174,0.025931928687196112,0.051148631036399134,0.023472112196696298,0.06091879882462553,0.028869994452432438,0.021501523024547574,0.004824536212739074,0.014955199424333194,0.030260034563683924,1.1612455075352601,0.02389438681029848,0.0
CD68+CD163+CD11c+CD8+,0.010884156296484418,0.0027280812313467445,0.01102357098855494,0.002256801435325713,0.03302873499944952,0.016090844309587845,0.013627227199945491,0.0033565494671477718,0.012101566720691518,0.011311716479203655,0.008802042073761111,0.014333835017558947,0.003962548258177002,0.0023890581138386194,0.0013784389179254495,0.0069357446605603215,0.0026897808501052376,0.21594032194738907,0.0,0.0
CD68+CD163+TIM3+,0.2521496208685557,1.3473993201621572,11.054047920111532,0.3498042224754855,8.396638408748945,3.795906795699913,6.654345382073383,0.11244440714945038,2.094003241491086,0.06147671999567204,0.5281225244256668,5.904644162545689,0.022643132903868577,2.709191901092994,0.05536729653667222,0.15432031869746715,0.1573521797311564,10.513877563347528,0.09955994504291032,0.006056358744084235
CD68+CD163+CD206+TIM3+,0.2140550738308602,0.033555399145564956,2.5315306552540284,0.23809255142686273,7.4057763587654595,2.0987058363791005,3.267979422886928,0.10237475874800704,1.724041058887088,0.05311588607626064,0.43423407563888156,5.6099046799971335,0.022643132903868577,2.19673893567461,0.0057434954913560396,0.07260857691524086,0.10490145315410428,9.33375615354414,0.05376237032317158,0.0051911646377864875
CD163+CD206+TIM3+,0.754634836556253,0.03682909662318105,4.570242842784424,0.4141230633822683,17.585966457484677,8.351148196676093,5.517323612577931,0.13594025341948476,8.98757428417072,0.41558262717074296,1.0503770208021594,22.778255572278365,0.06679724206641231,5.255927850444962,0.019987364309919015,0.7295536414826889,0.33218793498799687,30.58575699918456,0.45598454829652935,1.1135048148052016
CD68+CD11c+TIM3+,2.630337771650401,2.8745791934700646,9.383652692669326,1.6147414269755478,9.45355792873133,1.9826218881456452,3.8088100023847646,1.6463875136359822,0.9936250675310643,0.610340876117032,2.6626177273127367,2.8398910628538667,1.1451764466131533,2.010392402795198,0.20148182183676988,0.2715777518650651,0.9306641741364122,9.99969798556371,0.18319029887895502,0.01211271748816847
CD11c+CD205+TIM3+,0.3972717048216812,0.04828703779483738,4.36403722076322,0.02256801435325713,0.13211493999779808,0.9995479238979686,0.9726433413961094,0.12587060501804145,0.6145867098865478,0.06934574015511806,0.04987823841797964,1.5068444062208843,0.03962548258177002,0.3762766529295825,1.1480098788122453,0.10577010607354491,0.8761961119217812,7.302709069493522,0.16925190657294756,0.007786746956679732
CD11c+CD103+TIM3+,0.4027137829699235,0.24825539205255376,1.7546931232370393,0.32949300955755406,8.334250798194429,2.371867074301389,4.429700541682282,1.1731140387681462,1.5481361426256077,0.6609976933934658,2.95161810873456,2.262954203397119,0.6057038051784845,0.6295168129964761,0.34346103038309117,0.1252768879313708,0.4875227790815743,7.163027392709371,0.28474144282272357,0.0596983933345446
P2RY12+TIM3+,27.90879077023546,0.4444044325863847,0.4921700223713647,0.23470734927387413,0.6936034349884399,11.622570090951582,0.58000885769768,8.049005622220358,4.532468935710427,33.016441333995644,12.550244990171052,5.4074392603741135,2.0961880285756336,0.19231917816400884,0.8730113146861179,1.8828379333214846,8.523243068770972,8.701035909516474,7.343541546365066,1.8082556821622933
CD11c+P2RY12+TIM3+,27.222181910532235,0.43321929953786303,0.3773951950199397,0.22229494137958272,0.6385555433226908,6.207234750093863,0.3875242734984499,7.176302760761937,1.0843868179362508,29.876210476616716,11.09350702696359,4.999820827062281,2.0826021488333124,0.14453801588723644,0.8688759979323416,1.7608121756997517,7.878368109958241,8.685180151611247,7.052826506839768,1.750287677040344
CD68+TIM3+,2.8316946631353623,3.3934602436722154,11.795220957753786,1.9352072307917987,10.117802488164704,3.97980215923806,7.414063298470344,1.8309977343291095,2.1653160453808753,0.6309970540355778,2.750638148050348,6.720776893857952,1.1531015431295075,4.111569013916264,0.20217104129573257,0.40465735253956625,1.0550665384537794,11.094500317115157,0.19911989008582065,0.021629852657443695
CD163+TIM3+,0.8135906831622103,1.7645229404350742,25.189508154200308,0.6172351925615824,20.433777386326106,24.489881923851993,13.886144516744455,0.18461022069312746,15.92868719611021,0.6339479365953701,1.2792301147199485,26.182541388948614,0.06792939871160573,6.7455055844233405,0.2249152834415025,2.2281079722050032,0.4881952242941006,40.33931321917187,1.3818920371955954,1.3626807174189528
CD206+TIM3+,4.136886405688785,0.08948106438817323,4.786175145089647,0.5280915358662168,19.52732210356343,8.767211456681148,6.25745238987497,0.6293530250902073,9.517017828200974,0.7529668665069911,5.763870551301236,31.460080269476098,1.0042229442865713,8.44532043241952,0.04502900465223134,1.1907806614099503,1.225867622435462,38.16933949442783,1.182772147109775,2.039262508543792
CD11c+TIM3+,35.3408554946849,4.915456762640565,20.416950361508285,7.009625258121664,23.50911960071929,10.782781264127378,7.627840425169488,8.921708483678778,3.6831982712047546,32.20642407133267,12.130680984655108,20.31821113738981,7.72923341673554,4.94773935375978,3.74705645856068,3.0664661080502325,11.596990135228733,50.310319833288034,16.513012484817107,4.449693288689318
CD68+CD163+CD11c+TIM3+,0.13968000580488338,1.1190589210984347,8.852575949161883,0.24260615429751411,8.007633307644317,1.8814794381996645,3.5456341770858173,0.05538306620793824,0.9655321447866019,0.04327961087695311,0.46210720887245843,2.107073747581165,0.021510976258675152,1.1097174938780385,0.05536729653667222,0.07477599712166597,0.11566057655452522,9.568572377759658,0.0896039505386193,0.0051911646377864875
CD68+CD163+PDL1+,0.0009070130247070347,0.026189579820928746,0.033719158317932756,0.003385202152988569,0.05137803222136592,0.015707728968883373,0.019589139099921646,0.011747923135017203,0.15256618044300377,0.01918073663864968,0.017604084147522223,0.3923887336056762,0.003962548258177002,0.0023890581138386194,0.005284015852047556,0.015605425486260724,0.013448904250526188,0.4741626649753858,0.0,0.0008651941062977478
CD68+CD163+CD206+PDL1+,0.0009070130247070347,0.0051833543395588145,0.02464092338618163,0.003385202152988569,0.05137803222136592,0.015707728968883373,0.017885735699928455,0.010069648401443317,0.1262020529443544,0.01327897151906516,0.010269049086054631,0.38522181609689676,0.003962548258177002,0.0023890581138386194,0.0039055769341221065,0.012137553155980562,0.013448904250526188,0.33674609646341097,0.0,0.0
CD163+CD206+PDL1+,0.003628052098828139,0.007093011201501536,0.048633401420095326,0.004513602870651426,0.08073690777643217,0.03103234259706227,0.03406806799986373,0.013426197868591087,1.1842247433819557,0.022131619198441935,0.026406126221283337,0.6665233283164911,0.01018940980674086,0.0035835871707579287,0.009189592786169662,0.04291492008721699,0.029587589351157618,1.6459786777807979,0.003982397801716414,0.017303882125954958
CD68+CD11c+PDL1+,0.0009070130247070347,0.042830875332143886,0.031125376908861007,0.003385202152988569,0.05137803222136592,0.015707728968883373,0.01618233229993527,0.028530670470756064,0.1300918422474338,0.01967255039861505,0.02493911920898982,0.07794022790797678,0.0062268615485638595,0.0,0.0073516742289357305,0.016905877610115784,0.02420802765094714,0.49530367551568966,0.0,0.0034607764251909914
CD11c+CD205+PDL1+,0.003628052098828139,0.013094789910464373,0.05317251888597088,0.003385202152988569,0.04403831333259936,0.03141545793776675,0.03577147139985691,0.041956868339347156,0.151269584008644,0.04278779711698774,0.008802042073761111,0.07614849853078191,0.01358587974232115,0.0011945290569193097,0.06042157256906553,0.022324428126178533,0.08002098029063083,1.038174624747063,0.003982397801716414,0.0025955823188932438
CD11c+CD103+PDL1+,0.003628052098828139,0.01473163864927242,0.03825827578380832,0.003385202152988569,0.058717751110132485,0.031798573278471215,0.031512962899873945,0.036922044138625494,1.0887088060507832,0.05164044479636452,0.039609189331925004,0.09496165699132804,0.011887644774531005,0.0,0.02573085980127506,0.025792300456458694,0.06119251433989415,0.8856573344205853,0.001991198900858207,0.023360240870039194
P2RY12+PDL1+,0.009070130247070348,0.026735196067198097,0.03890672113607626,0.004513602870651426,0.04770817277698264,0.03294791930058464,0.03406806799986373,0.0067130989342955435,2.958400864397623,0.10967446847227891,0.1467007012293519,0.04748082849566402,0.014151958064917862,0.005972645284596547,0.021136063408190225,0.021457460043608496,0.03362226062631547,1.336413880583492,0.003982397801716414,0.05623761690935361
CD11c+P2RY12+PDL1+,0.007256104197656278,0.017459719880619166,0.03501604902246863,0.004513602870651426,0.04770817277698264,0.03141545793776675,0.025551050999897795,0.005034824200721658,0.7412209616423555,0.09787093823310988,0.08802042073761113,0.044793234429871716,0.013019801419724433,0.0011945290569193097,0.021136063408190225,0.016905877610115784,0.030932479776210234,1.3333937362205914,0.0,0.03806854067710091
CD68+PDL1+,0.0009070130247070347,0.06547394955232187,0.05382096423823883,0.003385202152988569,0.05137803222136592,0.015707728968883373,0.019589139099921646,0.03020894520432995,0.18714208535926527,0.01967255039861505,0.029340140245870377,0.40045151580305305,0.0062268615485638595,0.004778116227677239,0.0073516742289357305,0.019073297816540886,0.02420802765094714,0.5020990003322159,0.0,0.010382329275572975
CD163+PDL1+,0.003628052098828139,0.031100126037352887,0.10569659241967383,0.004513602870651426,0.08807662666519872,0.034863496004107,0.050250400299799,0.015104472602164975,2.9290113452188007,0.05311588607626064,0.03814218231963149,0.6960868630402064,0.01018940980674086,0.004778116227677239,0.017230486474068118,0.07022441468817325,0.031604924988736544,3.083567394521458,0.013938392306007448,0.02076465855114595
CD206+PDL1+,0.003628052098828139,0.01855095237315786,0.0706805433972052,0.011284007176628565,0.08440676722081544,0.031798573278471215,0.055360610499778556,0.041956868339347156,1.529119394921664,0.02262343295840731,0.16870580641375466,0.7480470149788576,0.014718036387514576,0.017917935853789643,0.009878812245132387,0.0843126460299364,0.07262408295284141,2.302105040620942,0.015929591206865656,0.05018125816526938
CD11c+PDL1+,0.009977143271777383,0.10994167362327381,0.1465486496125539,0.015797610047279993,0.08807662666519872,0.03218168861917569,0.05195380369979218,0.041956868339347156,1.1448946515397083,0.10082182079290214,0.09535545579907871,0.1729018848993048,0.017548428000498148,0.0035835871707579287,0.07581414048589971,0.10165200768133723,0.09346988454115701,5.570656277370058,0.03185918241373131,0.11593601024389821
CD68+CD163+CD11c+PDL1+,0.0009070130247070347,0.01718691175748449,0.02853159549978926,0.003385202152988569,0.05137803222136592,0.015707728968883373,0.01618233229993527,0.010069648401443317,0.10545650999459752,0.01918073663864968,0.016137077135228706,0.07614849853078191,0.003962548258177002,0.0,0.005284015852047556,0.014088231341763152,0.013448904250526188,0.4688774123403099,0.0,0.0008651941062977478
