,NU00295,NU00429,NU00431,NU00468,NU00759,NU00826,NU00866,NU00908,NU01094,NU01115,NU01405,NU01420,NU01482,NU01713,NU01798,NU01929,NU02064,NU02359,NU02514,NU02738
CD11c+ 0-100,27546,397,334,49,159,17982,13,520,30656,36006,4724,3655,735,62,24454,1269,3130,11288,559,4254
CD11c+ 100-200,1235,894,692,164,272,4400,64,897,4453,15699,4447,4283,1643,174,11814,2648,5220,13058,1057,4992
CD11c+ 200-300,176,1421,813,245,356,993,121,941,1764,6350,2287,3261,2293,330,2826,3481,5037,9497,1191,3825
CD11c+ 300-400,10,1752,886,438,424,335,212,947,1155,2956,842,3124,2415,421,1122,3490,4017,7601,1327,2084
CD11c+ 400-500,0,2100,1024,570,482,52,261,770,838,2206,276,2511,2671,380,388,3160,2731,5429,1369,1187
CD163+ 0-100,527,60,325,3,102,37635,31,16,52479,614,291,2088,5,247,732,454,106,8940,17,375
CD163+ 100-200,14,141,661,17,176,6661,78,21,10871,300,268,3154,6,382,337,1060,173,10396,16,545
CD163+ 200-300,4,282,835,32,263,1405,176,19,4977,134,107,3225,9,356,62,1191,151,7757,26,395
CD163+ 300-400,0,332,919,40,320,352,293,16,3205,42,66,3510,15,426,42,1056,144,6185,54,246
CD163+ 400-500,0,379,1061,27,419,15,432,8,2100,32,7,3107,10,544,17,866,82,4469,37,89
CD205+ 0-100,775,3,47,0,1,2130,11,33,2946,95,98,166,23,19,3119,44,238,1525,37,4
CD205+ 100-200,43,8,147,0,3,436,74,32,690,44,49,169,43,33,1674,107,387,1890,79,2
CD205+ 200-300,2,18,225,0,2,68,90,10,216,23,28,163,38,46,387,128,371,1539,85,1
CD205+ 300-400,0,24,260,0,3,24,83,2,154,5,13,244,39,54,179,151,315,1347,78,2
CD205+ 400-500,0,15,241,7,5,4,119,4,120,4,3,295,70,52,55,136,226,916,61,3
CD206+ 0-100,3859,7,50,4,114,12393,49,51,39180,697,5295,3710,540,288,291,917,1008,9624,85,950
CD206+ 100-200,144,12,95,7,165,2464,165,98,8317,386,5226,5485,1380,531,131,2083,1707,10881,99,1398
CD206+ 200-300,10,41,143,30,253,521,308,113,3916,164,2755,5166,1761,653,26,2581,1657,8015,154,1044
CD206+ 300-400,0,55,192,29,331,85,385,86,2619,61,1020,5620,1939,805,17,2826,1267,6448,196,604
CD206+ 400-500,0,31,221,30,458,9,453,82,1844,46,359,4837,2091,994,3,2496,949,4495,144,278
CD8+ 0-100,75,1,1,0,0,57,0,9,132,116,9,24,20,8,22,11,9,368,2,0
CD8+ 100-200,1,8,0,0,2,18,2,12,39,54,2,30,10,5,15,22,13,443,6,0
CD8+ 200-300,0,5,3,1,0,3,0,4,13,15,3,36,19,11,2,24,17,301,8,0
CD8+ 300-400,0,9,2,1,1,1,3,4,14,6,3,43,12,13,3,23,16,305,4,0
CD8+ 400-500,0,4,1,4,1,1,1,4,11,8,0,34,5,33,0,11,15,189,6,0
CD4+ 0-100,322,15,79,0,4,2466,3,43,9746,235,24,109,5,60,115,119,120,6063,40,45
CD4+ 100-200,20,25,139,1,14,583,8,43,3013,121,27,243,10,96,54,230,111,7307,76,58
CD4+ 200-300,0,72,174,0,6,131,13,21,1398,49,4,260,18,109,13,238,101,5585,80,40
CD4+ 300-400,0,94,143,3,15,41,21,11,1010,15,8,257,21,116,10,201,88,4561,88,31
CD4+ 400-500,0,72,180,5,30,4,39,7,661,14,3,183,15,187,6,139,70,3243,116,15
CD103+ 0-100,487,10,19,0,69,7842,109,83,72289,721,711,750,15,107,1352,53,166,1686,5,97
CD103+ 100-200,21,41,52,3,107,1388,347,104,7909,306,722,1459,55,185,656,105,188,2071,13,158
CD103+ 200-300,5,48,80,9,142,313,488,114,2920,138,400,1499,96,194,155,65,192,1738,9,132
CD103+ 300-400,0,62,103,21,168,98,782,126,2467,53,153,1443,103,164,94,66,172,1354,17,121
CD103+ 400-500,0,74,106,14,127,14,925,116,2398,39,38,1264,104,128,21,67,112,898,21,35
FOXP3+ 0-100,2,0,0,0,0,84,0,1,153,1,1,3,1,2,15,5,2,16,0,0
FOXP3+ 100-200,0,2,1,0,0,4,1,2,31,0,0,10,1,6,3,13,2,20,0,1
FOXP3+ 200-300,0,2,0,0,0,1,0,1,25,0,0,15,4,7,0,4,1,21,3,1
FOXP3+ 300-400,0,2,1,0,0,0,0,0,20,0,0,13,1,7,4,12,3,19,1,2
FOXP3+ 400-500,0,0,0,0,0,0,3,0,11,0,0,4,0,14,0,10,6,11,0,0
GFAP+ 0-100,37742,1550,99,248,64,70215,89,2632,10683,45567,9905,2992,1446,753,20241,10862,8430,7435,391,11513
GFAP+ 100-200,1758,3934,309,550,151,14126,128,4453,4455,19875,9702,4363,3478,1451,9765,22499,14732,8351,711,15521
GFAP+ 200-300,202,6124,431,866,192,3552,295,4725,2117,8218,4885,3772,5167,1944,2125,29025,14884,6312,776,11790
GFAP+ 300-400,21,8294,581,1266,167,984,640,4834,1292,3867,1722,4016,6080,2390,675,29231,11903,4822,889,6187
GFAP+ 400-500,0,9685,690,1720,159,76,909,3831,886,2910,569,3448,6983,2644,147,25347,8185,3720,807,3288
GRZMB+ 0-100,2,0,0,0,0,13,0,0,0,0,0,0,0,0,0,1,0,2,0,0
GRZMB+ 100-200,0,1,0,0,0,2,0,0,0,0,0,0,1,0,0,1,0,4,0,0
GRZMB+ 200-300,0,0,0,0,0,0,0,0,0,0,0,0,1,0,0,1,0,2,4,0
GRZMB+ 300-400,0,0,0,0,0,0,0,0,0,0,0,0,2,0,0,2,2,1,1,0
GRZMB+ 400-500,0,1,0,0,1,0,0,0,0,0,0,0,1,1,0,0,1,0,1,0
HLADR+ 0-100,6917,284,468,4,36,19719,13,400,8213,12557,175,1799,54,240,3901,1559,412,13541,98,113
HLADR+ 100-200,343,771,990,25,36,4641,44,706,2282,5539,147,2530,154,458,1992,3260,625,15372,192,173
HLADR+ 200-300,48,1162,1247,47,45,1073,76,697,1172,2093,81,2328,273,537,418,3856,678,11080,203,134
HLADR+ 300-400,2,1399,1489,53,47,378,124,721,822,919,29,2994,297,632,191,3440,538,8648,244,60
HLADR+ 400-500,0,1536,1645,43,87,49,197,651,597,687,9,2706,324,662,56,3017,374,6202,221,33
INFgamma+ 0-100,5,4,0,0,0,38,0,0,5,0,3,2,1,0,42,6,6,3,0,3
INFgamma+ 100-200,0,6,0,0,0,9,0,4,0,0,2,1,2,0,11,7,3,8,0,4
INFgamma+ 200-300,0,4,0,1,0,1,0,4,1,0,2,0,2,0,1,7,4,7,0,0
INFgamma+ 300-400,0,6,0,2,0,2,0,1,1,0,0,2,3,1,4,8,7,0,0,0
INFgamma+ 400-500,0,2,0,5,1,0,0,3,0,0,0,1,1,1,0,5,6,5,1,0
Ki67+ 0-100,4405,122,54,11,21,11692,12,58,869,3424,202,52,289,86,13677,621,827,912,115,5609
Ki67+ 100-200,176,295,106,22,38,2833,18,102,358,1463,182,81,717,167,6560,1173,1491,1122,219,7479
Ki67+ 200-300,18,514,180,20,46,739,37,110,178,524,94,69,1021,194,1685,1562,1375,835,236,5767
Ki67+ 300-400,5,667,200,27,43,229,59,100,103,262,32,85,1123,226,638,1446,1129,591,213,2832
Ki67+ 400-500,0,815,260,36,18,36,67,84,81,229,10,73,1325,261,187,1191,743,434,214,1173
NFAT1+ 0-100,5,0,0,0,0,8,0,0,46,4,1,0,0,0,29,1,1,2,0,4
NFAT1+ 100-200,0,2,0,0,5,10,1,1,13,0,0,1,0,0,8,2,4,7,0,3
NFAT1+ 200-300,0,0,0,0,1,4,2,0,3,0,1,0,0,0,1,3,0,8,2,0
NFAT1+ 300-400,0,0,0,1,2,2,2,0,2,0,0,1,0,0,2,3,3,4,0,0
NFAT1+ 400-500,0,0,0,4,5,0,0,1,2,0,0,0,0,0,0,4,3,1,2,0
NFAT2+ 0-100,0,0,0,0,0,0,0,0,15,0,0,0,0,0,0,2,0,2,0,0
NFAT2+ 100-200,0,0,0,0,0,0,0,3,4,0,0,0,0,0,0,1,0,3,0,0
NFAT2+ 200-300,0,0,0,0,0,0,0,0,2,0,0,0,0,0,0,2,0,1,0,0
NFAT2+ 300-400,0,0,0,0,0,0,0,0,0,0,0,0,0,0,0,3,2,0,0,0
NFAT2+ 400-500,0,0,0,0,1,0,0,1,2,0,0,0,0,0,0,0,0,0,0,0
P2RY12+ 0-100,21121,32,0,0,0,24358,0,736,49654,45646,6590,704,351,1,3049,1034,2059,1844,348,894
P2RY12+ 100-200,967,75,7,0,6,5260,1,1233,4908,20356,6253,915,763,12,1311,2194,3735,2122,715,1072
P2RY12+ 200-300,136,107,18,1,3,945,3,1318,1847,8325,3156,597,1016,70,337,3158,3935,1576,840,755
P2RY12+ 300-400,6,139,17,5,6,299,1,1302,1422,3896,1068,734,1083,66,106,3210,3042,1275,902,343
P2RY12+ 400-500,0,137,26,10,16,57,3,967,1087,2995,372,699,1201,28,25,2881,2059,880,879,204
PD1+ 0-100,34,3,0,0,0,177,0,1,212,0,3,42,3,4,67,14,27,247,3,10
PD1+ 100-200,0,3,0,0,3,35,1,0,54,0,3,56,4,1,29,18,26,266,1,7
PD1+ 200-300,0,5,1,2,0,10,2,2,18,0,1,46,4,4,4,28,14,214,3,2
PD1+ 300-400,0,4,2,2,0,3,1,2,16,0,0,56,4,12,10,23,13,177,1,5
PD1+ 400-500,0,1,2,7,1,0,4,1,9,0,0,53,4,7,1,34,13,122,2,2
PDL1+ 0-100,17,34,7,3,0,93,2,15,11988,128,128,25,1,0,164,192,51,1689,1,172
PDL1+ 100-200,1,77,21,0,3,6,22,7,629,67,138,19,2,1,131,288,21,1943,0,262
PDL1+ 200-300,0,148,37,2,1,1,9,1,355,14,60,33,2,5,18,71,26,1378,1,201
PDL1+ 300-400,0,177,22,2,0,1,16,1,253,9,24,87,7,4,24,33,12,884,0,182
PDL1+ 400-500,0,219,26,4,3,0,15,0,197,8,10,107,2,2,13,26,17,536,4,81
Perforin+ 0-100,4,1,0,0,0,9,0,0,1,23,0,0,0,0,1,2,0,3,0,0
Perforin+ 100-200,0,2,0,0,0,1,0,0,0,4,0,0,0,0,0,1,1,7,0,0
Perforin+ 200-300,0,0,0,0,0,0,0,0,0,2,0,0,2,0,0,1,0,2,0,0
Perforin+ 300-400,0,0,0,0,0,0,0,0,0,0,0,0,0,0,0,3,4,1,0,0
Perforin+ 400-500,0,0,1,0,0,0,0,0,0,1,0,0,0,0,0,1,2,0,0,0
SOX2+ 0-100,0,98,4,0,0,83421,0,0,1553,62414,2,0,1595,967,28,1233,32,3066,0,14600
SOX2+ 100-200,0,213,16,0,5,18269,0,1,707,27162,0,0,3704,1660,8,2036,49,3473,0,20587
SOX2+ 200-300,0,380,16,0,3,4693,0,3,284,11164,0,0,5171,1693,1,2394,38,2561,0,15908
SOX2+ 300-400,0,533,12,0,4,1447,0,1,158,5351,0,0,5577,2178,7,2276,47,2120,0,8412
SOX2+ 400-500,0,581,33,0,4,127,0,1,171,4268,0,0,6114,2529,0,1956,23,1531,0,3726
TIM3+ 0-100,28180,177,578,27,140,35172,31,548,22001,34166,3098,5084,309,364,9877,1408,2407,14246,395,1634
TIM3+ 100-200,1224,503,1110,128,201,7004,73,928,8748,14860,2916,6685,628,611,4935,2950,3996,16667,734,2191
TIM3+ 200-300,163,772,1425,193,287,1527,167,961,4228,6034,1342,5844,951,742,1126,3640,4066,12002,800,1644
TIM3+ 300-400,11,1016,1688,277,394,464,294,951,2436,2798,531,5963,968,898,456,3340,3228,9445,883,860
TIM3+ 400-500,0,1183,1810,358,426,50,410,764,1420,2125,168,5104,1068,1018,136,2843,2198,6817,968,396
TNFa+ 0-100,7,0,0,0,0,8,0,0,3,10,0,0,0,0,0,1,0,3,0,1
TNFa+ 100-200,0,1,0,0,2,1,0,0,0,1,1,0,1,0,0,1,2,5,0,0
TNFa+ 200-300,0,0,0,0,0,0,0,1,0,2,1,0,1,0,0,1,3,3,0,0
TNFa+ 300-400,0,0,0,0,0,0,0,0,1,0,0,0,3,0,0,2,2,4,0,0
TNFa+ 400-500,0,0,0,0,1,0,0,0,0,0,0,0,0,1,0,0,5,2,0,0
cCasp3+ 0-100,29809,179,110,19,14,56916,33,278,19280,11618,2091,913,18,225,21589,571,1167,2154,36,608
cCasp3+ 100-200,1246,461,190,34,67,11454,119,506,2516,4385,1925,1196,40,465,10406,1114,1959,2453,63,779
cCasp3+ 200-300,192,623,257,43,64,2888,188,595,940,1736,923,893,90,497,2315,1323,1819,1811,64,560
cCasp3+ 300-400,23,826,357,83,72,860,233,578,667,836,311,978,80,542,877,1282,1445,1378,58,350
cCasp3+ 400-500,0,784,426,120,93,73,308,377,521,735,103,872,97,711,292,1146,1105,964,49,137
pLCK+ 0-100,36,9,0,0,3,137,0,20,862,30,20,6,6,0,163,43,54,297,1,5
pLCK+ 100-200,2,16,2,1,14,37,1,35,144,12,17,2,6,1,66,93,57,360,3,6
pLCK+ 200-300,0,37,2,2,9,7,0,24,70,12,13,3,14,0,10,94,51,298,11,1
pLCK+ 300-400,0,15,3,2,12,1,1,16,50,4,4,7,23,0,11,85,44,262,8,0
pLCK+ 400-500,0,22,5,1,21,0,0,20,39,1,2,1,9,0,2,78,27,170,8,2
pSTAT3+ 0-100,14476,192,32,29,1,14322,0,188,5614,2736,130,781,228,51,2912,2002,2126,3377,27,405
pSTAT3+ 100-200,397,460,44,60,8,2544,12,447,1988,1284,136,913,551,144,1351,3383,3661,3687,43,515
pSTAT3+ 200-300,35,683,42,90,7,693,16,507,1047,621,70,800,681,189,324,4028,3885,2771,61,352
pSTAT3+ 300-400,5,966,85,123,6,342,42,422,596,286,19,898,647,333,110,3808,3056,2198,82,222
pSTAT3+ 400-500,0,1070,99,161,6,29,74,271,423,181,3,724,688,325,23,3221,2206,1521,66,76
CD68+ 0-100,2146,166,193,7,79,4705,7,96,5533,566,618,504,26,80,592,106,217,2203,4,5
CD68+ 100-200,101,427,361,32,99,1184,25,142,1073,232,600,802,96,195,263,202,327,2612,6,9
CD68+ 200-300,16,709,437,61,112,264,57,150,548,123,318,689,146,205,47,219,331,2039,11,7
CD68+ 300-400,0,859,512,81,171,97,73,170,424,53,118,745,149,287,31,217,281,1581,17,0
CD68+ 400-500,0,974,599,77,143,10,140,162,283,24,26,725,147,317,4,156,166,1062,7,1
GFAP+Ki67+ 0-100,1678,41,13,5,4,3877,8,21,190,1056,81,25,117,21,1718,483,479,222,25,3196
GFAP+Ki67+ 100-200,70,114,25,6,11,817,12,32,63,472,59,31,298,60,801,926,796,237,52,4169
GFAP+Ki67+ 200-300,5,180,29,5,15,216,17,35,42,165,39,19,468,63,181,1257,760,217,51,3160
GFAP+Ki67+ 300-400,3,233,38,13,12,61,38,33,18,58,12,34,551,72,75,1098,645,166,52,1455
GFAP+Ki67+ 400-500,0,284,50,14,3,12,51,26,17,75,6,33,694,86,7,918,392,130,57,632
GFAP+SOX2+ 0-100,0,43,2,0,0,49562,0,0,1114,34691,1,0,642,402,26,955,13,2136,0,8347
GFAP+SOX2+ 100-200,0,126,7,0,1,10093,0,1,474,14898,0,0,1528,777,8,1571,18,2381,0,11654
GFAP+SOX2+ 200-300,0,236,11,0,1,2536,0,0,212,5963,0,0,2304,882,0,1868,21,1827,0,8995
GFAP+SOX2+ 300-400,0,356,5,0,1,749,0,0,130,2865,0,0,2635,1115,7,1721,31,1470,0,4517
GFAP+SOX2+ 400-500,0,355,23,0,3,59,0,0,148,2336,0,0,3107,1236,0,1492,13,1085,0,2218
GFAP+cCasp3+ 0-100,19245,127,11,13,1,40823,1,198,1804,7465,1570,644,9,111,9064,489,955,1575,17,363
GFAP+cCasp3+ 100-200,871,331,27,22,5,7971,4,351,709,2837,1485,883,28,274,4383,936,1563,1726,26,514
GFAP+cCasp3+ 200-300,111,421,40,38,3,1909,11,429,324,1071,729,627,58,306,888,1149,1481,1300,23,380
GFAP+cCasp3+ 300-400,11,638,52,65,0,541,13,404,232,519,252,767,54,334,301,1064,1184,980,22,226
GFAP+cCasp3+ 400-500,0,572,72,95,15,38,33,290,176,483,84,677,70,389,78,949,893,719,8,87
GFAP+pSTAT3+ 0-100,8395,118,2,17,0,8993,0,136,2889,1779,85,468,87,28,1189,1811,1664,1232,8,220
GFAP+pSTAT3+ 100-200,278,326,6,35,1,1655,9,322,1139,786,86,561,261,109,528,2980,2867,1409,17,316
GFAP+pSTAT3+ 200-300,27,489,8,62,1,423,13,343,629,384,55,464,365,145,127,3554,3065,1147,21,202
GFAP+pSTAT3+ 300-400,4,690,21,85,1,203,36,270,381,160,14,577,403,238,59,3316,2395,949,43,119
GFAP+pSTAT3+ 400-500,0,770,21,116,3,18,65,170,344,105,2,481,436,223,8,2787,1670,710,25,43
GFAP+PD1+ 0-100,14,0,0,0,0,141,0,0,38,0,1,23,1,2,38,11,11,67,1,7
GFAP+PD1+ 100-200,0,1,0,0,1,29,0,0,20,0,3,18,2,1,14,13,15,60,1,4
GFAP+PD1+ 200-300,0,3,0,2,0,8,1,0,7,0,0,13,1,2,2,17,10,57,2,2
GFAP+PD1+ 300-400,0,2,0,0,0,2,0,2,8,0,0,23,3,6,10,15,8,50,1,3
GFAP+PD1+ 400-500,0,0,1,7,0,0,2,1,6,0,0,22,3,2,0,27,7,32,1,1
GFAP+TIM3+ 0-100,12395,74,61,10,5,17924,20,238,7758,15460,932,1820,102,80,2187,1117,1248,5014,67,844
GFAP+TIM3+ 100-200,606,178,191,41,23,3362,32,399,3354,6559,857,2450,225,167,1083,2294,2135,5729,116,1128
GFAP+TIM3+ 200-300,74,243,240,73,50,717,81,417,1655,2593,408,2067,406,257,215,2848,2276,4329,108,805
GFAP+TIM3+ 300-400,7,374,347,124,60,190,172,435,985,1203,167,2449,447,247,93,2483,1718,3374,126,354
GFAP+TIM3+ 400-500,0,392,383,156,71,19,262,362,684,932,68,2230,520,247,9,2067,1176,2534,124,208
CD4+Ki67+ 0-100,4,0,7,0,0,172,0,2,356,30,2,1,0,2,35,8,11,260,1,2
CD4+Ki67+ 100-200,0,3,8,0,1,30,0,4,133,19,1,0,1,3,11,21,11,365,4,7
CD4+Ki67+ 200-300,0,8,12,0,0,4,0,0,58,5,0,1,0,5,2,21,9,285,3,2
CD4+Ki67+ 300-400,0,1,10,0,0,3,0,0,35,2,0,3,0,2,8,15,6,210,4,1
CD4+Ki67+ 400-500,0,3,17,0,0,0,0,0,41,3,0,6,1,4,0,9,4,162,9,0
CD4+pSTAT3+ 0-100,37,3,1,0,0,439,0,0,1095,109,0,6,0,2,34,29,5,328,0,5
CD4+pSTAT3+ 100-200,1,9,0,0,5,77,0,1,295,60,1,6,1,4,9,59,5,452,1,8
CD4+pSTAT3+ 200-300,0,16,0,0,2,8,0,1,158,20,0,5,0,1,1,61,12,399,3,7
CD4+pSTAT3+ 300-400,0,21,1,0,0,4,0,1,145,6,0,13,4,7,8,54,6,338,1,5
CD4+pSTAT3+ 400-500,0,12,3,0,0,2,0,0,99,7,0,2,1,2,0,35,3,217,0,0
CD4+cCasp3+ 0-100,30,3,2,0,0,506,0,1,809,112,0,4,0,3,35,15,5,160,2,22
CD4+cCasp3+ 100-200,0,10,0,0,6,98,1,1,170,61,1,2,1,6,12,23,3,222,1,17
CD4+cCasp3+ 200-300,0,21,1,0,3,18,1,0,71,20,0,1,0,11,2,26,0,165,8,10
CD4+cCasp3+ 300-400,0,25,4,0,1,2,0,1,63,6,0,6,5,12,8,36,7,142,5,9
CD4+cCasp3+ 400-500,0,9,1,1,2,1,0,0,41,8,0,1,1,9,0,27,3,90,2,5
CD4+FOXP3+ 0-100,1,0,0,0,0,83,0,1,136,1,0,2,0,2,14,5,2,14,0,0
CD4+FOXP3+ 100-200,0,2,1,0,0,4,0,2,27,0,0,6,1,6,1,12,2,19,0,0
CD4+FOXP3+ 200-300,0,2,0,0,0,1,0,1,21,0,0,11,3,4,0,4,1,20,2,1
CD4+FOXP3+ 300-400,0,2,1,0,0,0,0,0,19,0,0,11,0,7,4,10,2,16,1,1
CD4+FOXP3+ 400-500,0,0,0,0,0,0,0,0,9,0,0,3,0,12,0,9,4,11,0,0
CD4+NFAT1+ 0-100,1,0,0,0,0,5,0,0,6,3,0,0,0,0,3,1,0,1,0,2
CD4+NFAT1+ 100-200,0,1,0,0,2,4,0,0,7,0,0,0,0,0,1,1,0,3,0,1
CD4+NFAT1+ 200-300,0,0,0,0,1,0,0,0,1,0,0,0,0,0,0,1,0,8,0,0
CD4+NFAT1+ 300-400,0,0,0,1,0,1,0,0,1,0,0,0,0,0,2,3,1,2,0,0
CD4+NFAT1+ 400-500,0,0,0,3,0,0,0,0,1,0,0,0,0,0,0,0,2,0,0,0
CD4+NFAT2+ 0-100,0,0,0,0,0,0,0,0,8,0,0,0,0,0,0,2,0,1,0,0
CD4+NFAT2+ 100-200,0,0,0,0,0,0,0,1,4,0,0,0,0,0,0,1,0,1,0,0
CD4+NFAT2+ 200-300,0,0,0,0,0,0,0,0,1,0,0,0,0,0,0,1,0,0,0,0
CD4+NFAT2+ 300-400,0,0,0,0,0,0,0,0,0,0,0,0,0,0,0,3,1,0,0,0
CD4+NFAT2+ 400-500,0,0,0,0,0,0,0,0,2,0,0,0,0,0,0,0,0,0,0,0
CD4+pLCK+ 0-100,1,1,0,0,0,40,0,12,90,8,0,0,0,0,14,4,22,218,0,0
CD4+pLCK+ 100-200,0,2,0,0,4,14,0,13,24,1,0,0,0,0,3,9,17,287,1,1
CD4+pLCK+ 200-300,0,1,1,0,0,0,0,4,14,1,0,0,0,0,0,9,10,230,0,0
CD4+pLCK+ 300-400,0,2,0,0,0,0,0,2,9,1,0,2,3,0,5,12,10,216,0,0
CD4+pLCK+ 400-500,0,0,0,0,0,0,0,2,12,0,0,0,0,0,0,3,12,140,1,0
CD4+NFAT1+pLCK+ 0-100,1,0,0,0,0,3,0,0,3,3,0,0,0,0,3,1,0,0,0,0
CD4+NFAT1+pLCK+ 100-200,0,1,0,0,2,4,0,0,3,0,0,0,0,0,1,1,0,1,0,1
CD4+NFAT1+pLCK+ 200-300,0,0,0,0,0,0,0,0,1,0,0,0,0,0,0,1,0,5,0,0
CD4+NFAT1+pLCK+ 300-400,0,0,0,0,0,0,0,0,1,0,0,0,0,0,2,3,1,0,0,0
CD4+NFAT1+pLCK+ 400-500,0,0,0,0,0,0,0,0,1,0,0,0,0,0,0,0,1,0,0,0
CD4+NFAT2+pLCK+ 0-100,0,0,0,0,0,0,0,0,4,0,0,0,0,0,0,1,0,0,0,0
CD4+NFAT2+pLCK+ 100-200,0,0,0,0,0,0,0,0,3,0,0,0,0,0,0,1,0,1,0,0
CD4+NFAT2+pLCK+ 200-300,0,0,0,0,0,0,0,0,1,0,0,0,0,0,0,1,0,0,0,0
CD4+NFAT2+pLCK+ 300-400,0,0,0,0,0,0,0,0,0,0,0,0,0,0,0,3,1,0,0,0
CD4+NFAT2+pLCK+ 400-500,0,0,0,0,0,0,0,0,2,0,0,0,0,0,0,0,0,0,0,0
CD4+PD1+ 0-100,6,0,0,0,0,125,0,1,120,0,0,12,1,3,30,7,5,171,1,4
CD4+PD1+ 100-200,0,1,0,0,2,23,0,0,35,0,2,28,0,0,11,4,1,171,0,3
CD4+PD1+ 200-300,0,2,1,0,0,1,1,0,9,0,0,17,0,0,1,10,3,152,2,1
CD4+PD1+ 300-400,0,1,1,0,0,2,0,1,13,0,0,26,4,7,8,9,3,137,1,2
CD4+PD1+ 400-500,0,0,2,3,1,0,2,0,8,0,0,26,1,4,1,8,3,96,2,1
CD4+CD103+ 0-100,27,1,7,0,2,1516,1,15,3046,119,6,22,1,8,34,16,45,1154,1,4
CD4+CD103+ 100-200,3,10,14,0,12,340,3,13,759,65,17,45,1,24,15,16,23,1425,4,6
CD4+CD103+ 200-300,0,18,29,0,5,77,0,6,301,23,3,30,3,16,2,16,23,1212,0,4
CD4+CD103+ 300-400,0,21,30,1,7,23,3,3,208,6,2,43,4,12,8,15,13,967,2,6
CD4+CD103+ 400-500,0,13,38,2,8,4,7,0,159,7,1,35,4,18,4,13,16,600,4,3
CD8+Ki67+ 0-100,3,1,1,0,0,28,0,0,3,10,0,0,1,1,5,1,0,42,0,0
CD8+Ki67+ 100-200,0,2,0,0,0,6,0,0,3,4,0,1,0,0,6,5,5,45,0,0
CD8+Ki67+ 200-300,0,2,0,0,0,0,0,0,1,1,0,1,2,1,0,6,4,45,0,0
CD8+Ki67+ 300-400,0,1,0,0,0,0,0,0,0,0,0,4,1,2,2,3,5,36,1,0
CD8+Ki67+ 400-500,0,0,0,0,0,0,0,0,0,0,0,1,0,8,0,1,2,29,0,0
CD8+pSTAT3+ 0-100,9,1,0,0,0,31,0,0,4,15,0,3,1,0,5,1,0,8,0,0
CD8+pSTAT3+ 100-200,0,6,0,0,2,12,0,0,1,9,0,0,2,0,1,2,0,12,0,0
CD8+pSTAT3+ 200-300,0,3,0,0,0,1,0,0,0,2,0,1,2,0,0,3,0,9,0,0
CD8+pSTAT3+ 300-400,0,2,0,0,0,0,0,0,0,1,0,0,3,0,2,5,1,10,0,0
CD8+pSTAT3+ 400-500,0,0,0,0,0,0,0,0,1,0,0,0,0,1,0,0,2,4,0,0
CD8+cCasp3+ 0-100,5,0,0,0,0,34,0,0,7,17,2,2,1,0,4,2,0,10,0,0
CD8+cCasp3+ 100-200,0,5,0,0,2,11,0,1,0,10,0,0,0,0,2,2,1,12,0,0
CD8+cCasp3+ 200-300,0,5,0,0,0,1,0,1,0,3,0,0,1,1,0,1,0,7,0,0
CD8+cCasp3+ 300-400,0,3,0,0,0,0,0,0,0,0,0,0,3,0,2,3,1,11,0,0
CD8+cCasp3+ 400-500,0,0,0,1,0,0,0,0,0,0,0,2,0,1,0,1,1,7,0,0
CD8+FOXP3+ 0-100,0,0,0,0,0,23,0,0,1,1,0,0,0,0,2,1,0,3,0,0
CD8+FOXP3+ 100-200,0,1,0,0,0,2,0,0,0,0,0,0,0,0,0,1,0,1,0,0
CD8+FOXP3+ 200-300,0,2,0,0,0,0,0,0,0,0,0,0,1,0,0,0,0,1,0,0
CD8+FOXP3+ 300-400,0,1,0,0,0,0,0,0,0,0,0,0,0,0,2,3,1,0,0,0
CD8+FOXP3+ 400-500,0,0,0,0,0,0,0,0,0,0,0,0,0,0,0,0,1,1,0,0
CD8+NFAT1+ 0-100,1,0,0,0,0,6,0,0,3,3,0,0,0,0,3,1,0,0,0,0
CD8+NFAT1+ 100-200,0,1,0,0,2,4,0,0,0,0,0,0,0,0,1,1,1,3,0,0
CD8+NFAT1+ 200-300,0,0,0,0,0,0,0,0,0,0,0,0,0,0,0,1,0,2,0,0
CD8+NFAT1+ 300-400,0,0,0,1,0,0,0,0,1,0,0,0,0,0,2,3,2,0,0,0
CD8+NFAT1+ 400-500,0,0,0,3,1,0,0,0,0,0,0,0,0,0,0,0,3,0,0,0
CD8+NFAT2+ 0-100,0,0,0,0,0,0,0,0,2,0,0,0,0,0,0,2,0,0,0,0
CD8+NFAT2+ 100-200,0,0,0,0,0,0,0,0,0,0,0,0,0,0,0,1,0,3,0,0
CD8+NFAT2+ 200-300,0,0,0,0,0,0,0,0,0,0,0,0,0,0,0,2,0,0,0,0
CD8+NFAT2+ 300-400,0,0,0,0,0,0,0,0,0,0,0,0,0,0,0,3,2,0,0,0
CD8+NFAT2+ 400-500,0,0,0,0,1,0,0,1,0,0,0,0,0,0,0,0,0,0,0,0
CD8+pLCK+ 0-100,2,1,0,0,0,23,0,2,10,8,0,2,6,0,5,2,2,131,0,0
CD8+pLCK+ 100-200,0,4,0,0,2,5,0,7,1,1,1,0,2,0,3,7,4,138,0,0
CD8+pLCK+ 200-300,0,1,0,0,0,0,0,2,2,2,1,0,4,0,0,5,9,119,0,0
CD8+pLCK+ 300-400,0,2,0,0,0,0,0,0,2,0,0,0,3,0,2,8,10,123,0,0
CD8+pLCK+ 400-500,0,0,0,0,1,0,0,0,1,0,0,0,0,0,0,2,7,62,0,0
CD8+NFAT1+pLCK+ 0-100,1,0,0,0,0,3,0,0,3,3,0,0,0,0,3,1,0,0,0,0
CD8+NFAT1+pLCK+ 100-200,0,1,0,0,2,2,0,0,0,0,0,0,0,0,1,1,1,3,0,0
CD8+NFAT1+pLCK+ 200-300,0,0,0,0,0,0,0,0,0,0,0,0,0,0,0,1,0,2,0,0
CD8+NFAT1+pLCK+ 300-400,0,0,0,0,0,0,0,0,1,0,0,0,0,0,2,3,2,0,0,0
CD8+NFAT1+pLCK+ 400-500,0,0,0,0,1,0,0,0,0,0,0,0,0,0,0,0,2,0,0,0
CD8+NFAT2+pLCK+ 0-100,0,0,0,0,0,0,0,0,2,0,0,0,0,0,0,1,0,0,0,0
CD8+NFAT2+pLCK+ 100-200,0,0,0,0,0,0,0,0,0,0,0,0,0,0,0,1,0,3,0,0
CD8+NFAT2+pLCK+ 200-300,0,0,0,0,0,0,0,0,0,0,0,0,0,0,0,1,0,0,0,0
CD8+NFAT2+pLCK+ 300-400,0,0,0,0,0,0,0,0,0,0,0,0,0,0,0,3,2,0,0,0
CD8+NFAT2+pLCK+ 400-500,0,0,0,0,1,0,0,0,0,0,0,0,0,0,0,0,0,0,0,0
CD8+PD1+ 0-100,2,0,0,0,0,30,0,0,12,0,0,8,2,0,4,1,0,208,1,0
CD8+PD1+ 100-200,0,1,0,0,2,10,0,0,2,0,0,8,2,1,1,1,0,221,0,0
CD8+PD1+ 200-300,0,1,0,0,0,0,0,0,3,0,1,11,3,2,0,1,0,169,0,0
CD8+PD1+ 300-400,0,0,0,0,0,0,0,0,2,0,0,17,3,1,2,3,1,159,0,0
CD8+PD1+ 400-500,0,0,0,2,0,0,0,0,0,0,0,10,0,1,0,0,3,110,0,0
CD8+CD103+ 0-100,31,0,0,0,0,38,0,5,85,69,6,11,1,4,5,2,0,38,0,0
CD8+CD103+ 100-200,1,3,0,0,2,12,1,2,20,30,0,5,2,2,1,7,3,41,1,0
CD8+CD103+ 200-300,0,4,1,1,0,1,0,1,6,11,1,9,3,4,0,2,6,48,2,0
CD8+CD103+ 300-400,0,3,2,0,0,0,1,0,7,1,2,17,2,4,2,8,3,30,3,0
CD8+CD103+ 400-500,0,0,1,2,0,1,1,0,6,3,0,15,1,5,0,1,8,23,3,0
CD8+Perforin+ 0-100,3,0,0,0,0,9,0,0,1,12,0,0,0,0,0,1,0,0,0,0
CD8+Perforin+ 100-200,0,1,0,0,0,1,0,0,0,2,0,0,0,0,0,1,1,3,0,0
CD8+Perforin+ 200-300,0,0,0,0,0,0,0,0,0,1,0,0,0,0,0,1,0,0,0,0
CD8+Perforin+ 300-400,0,0,0,0,0,0,0,0,0,0,0,0,0,0,0,3,2,0,0,0
CD8+Perforin+ 400-500,0,0,0,0,0,0,0,0,0,0,0,0,0,0,0,0,2,0,0,0
CD8+GRZMB+ 0-100,1,0,0,0,0,13,0,0,0,0,0,0,0,0,0,1,0,0,0,0
CD8+GRZMB+ 100-200,0,1,0,0,0,1,0,0,0,0,0,0,0,0,0,1,0,3,0,0
CD8+GRZMB+ 200-300,0,0,0,0,0,0,0,0,0,0,0,0,0,0,0,1,0,0,1,0
CD8+GRZMB+ 300-400,0,0,0,0,0,0,0,0,0,0,0,0,2,0,0,1,2,0,0,0
CD8+GRZMB+ 400-500,0,0,0,0,1,0,0,0,0,0,0,0,0,0,0,0,1,0,0,0
CD68+CD163+ 0-100,171,39,185,1,52,4473,5,9,4434,58,96,332,0,65,171,45,36,2095,2,1
CD68+CD163+ 100-200,7,93,342,8,71,1077,19,15,953,29,107,523,2,145,69,86,35,2485,3,2
CD68+CD163+ 200-300,2,152,409,17,74,231,48,10,485,15,47,508,6,114,8,56,45,1973,3,2
CD68+CD163+ 300-400,0,206,456,16,131,72,54,8,367,7,21,624,6,164,13,66,49,1538,8,0
CD68+CD163+ 400-500,0,260,551,7,109,7,123,7,238,3,1,648,1,205,0,41,19,1040,1,0
CD68+CD163+CD206+ 0-100,155,0,37,0,46,2287,2,8,3544,47,80,303,0,56,16,22,28,1886,2,0
CD68+CD163+CD206+ 100-200,7,4,68,3,61,526,12,14,735,26,88,483,2,110,8,45,24,2228,2,2
CD68+CD163+CD206+ 200-300,2,7,86,9,56,116,27,9,393,13,39,475,6,99,1,24,30,1769,2,2
CD68+CD163+CD206+ 300-400,0,15,113,9,109,24,33,8,310,7,17,599,6,134,4,24,25,1384,4,0
CD68+CD163+CD206+ 400-500,0,1,130,5,89,3,70,6,197,2,1,625,1,182,0,23,12,934,1,0
CD163+CD206+ 0-100,492,2,47,2,82,10144,17,8,26339,376,240,1774,4,195,70,152,76,6799,14,299
CD163+CD206+ 100-200,14,4,88,5,137,1921,44,17,5893,205,218,2615,6,287,24,425,115,7895,11,440
CD163+CD206+ 200-300,4,11,130,16,209,408,89,14,2732,91,85,2681,9,291,2,371,99,5884,14,303
CD163+CD206+ 300-400,0,18,169,20,258,60,116,12,1748,25,59,3059,14,338,8,320,85,4717,37,202
CD163+CD206+ 400-500,0,1,193,20,344,4,189,7,1169,20,6,2707,10,463,0,341,51,3336,20,68
CD68+CD11c+ 0-100,1955,91,166,5,65,2156,0,89,2772,547,591,300,25,15,583,63,198,1965,3,2
CD68+CD11c+ 100-200,89,255,323,22,84,640,5,123,488,220,575,493,92,63,259,122,282,2336,6,6
CD68+CD11c+ 200-300,16,409,380,42,94,144,11,135,289,120,308,348,144,100,47,133,285,1865,10,6
CD68+CD11c+ 300-400,0,531,419,68,150,59,18,151,239,49,110,328,148,151,31,146,242,1465,14,0
CD68+CD11c+ 400-500,0,633,522,58,123,8,43,147,138,23,25,313,143,146,4,119,146,987,7,0
CD11c+CD205+ 0-100,368,3,45,0,1,1706,0,32,1231,70,12,142,6,6,3028,22,168,1468,8,2
CD11c+CD205+ 100-200,21,5,115,0,3,364,6,27,304,36,11,141,7,15,1624,36,240,1813,23,2
CD11c+CD205+ 200-300,2,13,167,0,1,59,12,10,113,18,2,127,8,26,373,42,255,1464,24,1
CD11c+CD205+ 300-400,0,22,195,0,2,24,8,2,77,4,3,191,14,34,174,36,194,1286,20,1
CD11c+CD205+ 400-500,0,14,190,6,1,4,19,0,48,4,0,228,17,32,53,33,130,867,10,2
CD11c+CD103+ 0-100,347,7,15,0,61,3385,5,61,21226,596,611,295,14,5,1047,27,128,1399,3,15
CD11c+CD103+ 100-200,14,26,47,3,83,712,19,85,2053,252,623,524,48,32,490,59,130,1677,8,36
CD11c+CD103+ 200-300,4,30,70,6,111,153,48,96,660,120,334,472,84,37,106,33,135,1426,4,25
CD11c+CD103+ 300-400,0,32,78,18,144,51,93,111,659,49,117,417,89,60,82,28,119,1121,10,23
CD11c+CD103+ 400-500,0,55,86,10,105,11,90,109,607,33,30,305,85,41,19,38,72,731,13,9
CD11c+P2RY12+ 0-100,19549,32,0,0,0,10328,0,396,11840,32192,4336,679,290,1,2979,740,1647,1841,283,873
CD11c+P2RY12+ 100-200,909,71,5,0,4,2551,1,709,1456,14145,4093,879,634,6,1277,1626,2939,2110,559,1031
CD11c+P2RY12+ 200-300,127,99,14,1,3,460,1,755,516,5761,2098,565,831,26,328,2337,3022,1570,645,728
CD11c+P2RY12+ 300-400,5,127,13,5,4,160,1,755,429,2639,744,681,869,24,105,2328,2343,1272,709,332
CD11c+P2RY12+ 400-500,0,130,21,9,14,37,2,579,306,1982,265,651,969,8,25,2140,1621,877,697,198
CD68+CD163+CD11c+ 0-100,84,25,161,1,47,2043,0,7,2240,43,77,152,0,10,170,18,27,1889,2,1
CD68+CD163+CD11c+ 100-200,1,73,310,6,63,596,4,9,414,19,97,235,1,44,69,43,20,2238,3,2
CD68+CD163+CD11c+ 200-300,2,118,362,11,71,125,11,5,241,12,38,197,6,51,8,25,35,1811,3,1
CD68+CD163+CD11c+ 300-400,0,150,382,13,120,44,14,4,195,3,16,242,6,75,13,26,41,1437,7,0
CD68+CD163+CD11c+ 400-500,0,208,484,5,104,6,41,2,111,2,0,262,1,91,0,22,14,971,1,0
CD68+CD163+pSTAT3+ 0-100,8,1,1,0,0,232,0,0,318,26,2,16,0,0,14,10,1,67,0,1
CD68+CD163+pSTAT3+ 100-200,0,7,3,0,4,25,0,3,41,12,1,11,0,2,3,13,0,101,0,0
CD68+CD163+pSTAT3+ 200-300,0,11,1,0,1,7,0,1,25,6,1,19,0,0,0,9,1,95,0,0
CD68+CD163+pSTAT3+ 300-400,0,13,1,0,1,1,0,0,11,1,0,16,3,5,4,12,3,90,0,0
CD68+CD163+pSTAT3+ 400-500,0,10,4,0,0,0,0,1,9,1,0,19,0,4,0,4,1,40,0,0
CD68+CD163+CD206+pSTAT3+ 0-100,8,0,0,0,0,143,0,0,277,17,1,16,0,0,10,3,1,52,0,0
CD68+CD163+CD206+pSTAT3+ 100-200,0,1,0,0,3,15,0,2,30,9,1,10,0,1,3,1,0,82,0,0
CD68+CD163+CD206+pSTAT3+ 200-300,0,2,0,0,1,2,0,1,21,4,0,16,0,0,0,3,0,82,0,0
CD68+CD163+CD206+pSTAT3+ 300-400,0,4,1,0,0,0,0,0,4,1,0,14,3,4,4,5,3,79,0,0
CD68+CD163+CD206+pSTAT3+ 400-500,0,0,2,0,0,0,0,0,6,0,0,16,0,4,0,1,1,35,0,0
CD163+CD206+pSTAT3+ 0-100,15,0,0,0,0,755,0,0,1663,52,9,129,0,0,29,9,2,366,0,2
CD163+CD206+pSTAT3+ 100-200,0,1,0,1,3,101,0,2,494,26,5,117,0,1,6,44,2,466,0,6
CD163+CD206+pSTAT3+ 200-300,0,2,0,0,2,22,1,1,249,10,0,135,0,2,0,56,5,378,0,0
CD163+CD206+pSTAT3+ 300-400,0,4,1,0,0,4,0,1,126,2,0,195,3,14,7,39,10,325,0,2
CD163+CD206+pSTAT3+ 400-500,0,0,2,0,0,0,2,0,107,2,0,170,1,7,0,25,4,230,0,0
CD68+CD11c+pSTAT3+ 0-100,193,2,1,0,0,144,0,1,186,33,1,14,1,0,20,5,4,67,0,1
CD68+CD11c+pSTAT3+ 100-200,7,4,3,0,4,18,0,1,17,12,1,25,1,1,6,12,1,98,0,0
CD68+CD11c+pSTAT3+ 200-300,0,13,1,0,1,2,0,2,7,8,2,19,3,2,0,16,5,96,0,0
CD68+CD11c+pSTAT3+ 300-400,0,17,2,0,1,0,0,0,4,1,0,17,7,6,5,19,8,89,0,0
CD68+CD11c+pSTAT3+ 400-500,0,16,4,1,0,0,0,0,3,1,0,8,4,2,0,18,5,39,0,0
CD11c+CD205+pSTAT3+ 0-100,100,1,0,0,0,291,0,0,100,52,0,9,1,0,112,4,14,78,0,1
CD11c+CD205+pSTAT3+ 100-200,4,3,1,0,3,39,0,0,24,33,0,5,3,1,65,8,14,124,1,1
CD11c+CD205+pSTAT3+ 200-300,0,5,0,0,0,1,0,0,10,13,0,4,4,0,9,6,30,107,0,0
CD11c+CD205+pSTAT3+ 300-400,0,8,3,0,0,5,0,1,3,3,0,10,5,0,17,9,16,90,0,0
CD11c+CD205+pSTAT3+ 400-500,0,2,2,0,0,0,0,0,5,3,0,8,1,0,1,7,13,61,1,0
CD11c+CD103+pSTAT3+ 0-100,50,1,0,0,0,373,0,1,113,145,2,7,0,0,51,6,5,91,0,1
CD11c+CD103+pSTAT3+ 100-200,3,3,1,0,4,52,1,1,40,67,2,12,1,1,23,6,4,126,0,5
CD11c+CD103+pSTAT3+ 200-300,0,6,0,0,2,4,1,1,17,30,2,13,2,0,6,3,9,117,0,1
CD11c+CD103+pSTAT3+ 300-400,0,7,1,0,0,2,0,1,7,12,0,11,2,1,13,8,8,98,1,1
CD11c+CD103+pSTAT3+ 400-500,0,5,0,0,0,2,0,0,8,9,0,8,2,1,0,6,5,59,0,0
P2RY12+pSTAT3+ 0-100,3805,2,0,0,0,2519,0,27,1216,1519,23,38,19,0,129,37,163,124,1,15
P2RY12+pSTAT3+ 100-200,103,8,0,0,4,476,0,59,274,707,23,57,36,0,45,82,286,163,1,23
P2RY12+pSTAT3+ 200-300,7,12,1,0,2,90,0,65,146,332,16,24,43,0,5,96,387,131,7,13
P2RY12+pSTAT3+ 300-400,0,15,0,0,0,46,0,52,99,162,2,51,44,5,10,89,274,126,5,13
P2RY12+pSTAT3+ 400-500,0,7,1,0,0,12,0,32,58,113,0,43,35,1,0,90,167,84,5,7
CD11c+P2RY12+pSTAT3+ 0-100,3448,2,0,0,0,1047,0,13,210,829,13,34,12,0,124,27,118,121,0,11
CD11c+P2RY12+pSTAT3+ 100-200,92,5,0,0,4,203,0,19,65,385,15,50,27,0,43,57,218,160,1,20
CD11c+P2RY12+pSTAT3+ 200-300,7,6,1,0,2,36,0,28,31,167,11,18,29,0,5,70,254,131,4,10
CD11c+P2RY12+pSTAT3+ 300-400,0,10,0,0,0,24,0,21,8,66,1,44,26,3,10,52,176,124,3,9
CD11c+P2RY12+pSTAT3+ 400-500,0,3,1,0,0,6,0,10,9,56,0,41,26,0,0,65,115,83,4,7
CD68+pSTAT3+ 0-100,206,14,1,0,0,246,0,1,322,36,2,23,2,2,21,16,4,70,0,4
CD68+pSTAT3+ 100-200,7,23,3,1,4,27,0,3,41,14,2,32,3,7,7,29,4,106,0,1
CD68+pSTAT3+ 200-300,0,36,1,0,1,7,0,3,25,8,2,34,5,5,0,39,7,99,0,0
CD68+pSTAT3+ 300-400,0,35,2,0,1,1,0,0,11,1,0,28,7,8,5,32,10,91,0,0
CD68+pSTAT3+ 400-500,0,37,4,1,0,1,0,1,9,1,0,19,5,5,0,22,6,40,0,0
CD163+pSTAT3+ 0-100,23,2,7,0,0,2797,0,0,3817,139,16,144,1,2,43,92,2,517,0,3
CD163+pSTAT3+ 100-200,0,8,4,1,6,423,1,4,1374,75,11,145,0,3,17,227,3,661,0,6
CD163+pSTAT3+ 200-300,0,11,2,0,3,95,3,3,718,25,3,151,0,2,2,291,8,568,0,1
CD163+pSTAT3+ 300-400,0,13,9,0,1,28,1,2,443,9,1,205,3,20,9,240,11,469,0,2
CD163+pSTAT3+ 400-500,0,12,5,0,0,0,7,1,339,7,0,187,1,10,0,161,5,327,0,0
CD206+pSTAT3+ 0-100,311,0,0,0,0,884,0,2,2071,77,24,399,40,1,47,42,81,937,3,9
CD206+pSTAT3+ 100-200,6,1,0,2,3,132,0,8,658,34,26,401,92,8,17,120,120,1024,0,32
CD206+pSTAT3+ 200-300,0,2,0,0,2,26,1,7,353,16,10,392,134,10,0,111,161,761,1,12
CD206+pSTAT3+ 300-400,0,4,1,0,0,6,0,8,166,4,2,557,109,23,9,104,130,660,1,13
CD206+pSTAT3+ 400-500,0,0,2,0,1,2,2,5,128,4,0,510,137,25,0,70,69,466,0,3
CD11c+pSTAT3+ 0-100,5213,13,9,1,1,1596,0,15,462,911,14,243,37,2,868,79,287,1125,2,65
CD11c+pSTAT3+ 100-200,154,24,7,5,5,316,3,22,139,423,17,266,95,4,398,134,445,1346,5,92
CD11c+pSTAT3+ 200-300,11,48,3,5,3,56,2,30,64,183,12,170,96,7,77,144,478,1057,13,54
CD11c+pSTAT3+ 300-400,1,61,10,9,2,44,2,24,25,73,1,194,109,21,49,130,349,903,15,43
CD11c+pSTAT3+ 400-500,0,66,9,15,3,7,3,14,16,58,0,156,84,10,7,142,252,593,11,18
CD68+CD163+CD11c+pSTAT3+ 0-100,7,1,1,0,0,135,0,0,186,23,1,8,0,0,14,3,1,64,0,1
CD68+CD163+CD11c+pSTAT3+ 100-200,0,4,3,0,4,17,0,1,17,11,1,4,0,1,3,3,0,95,0,0
CD68+CD163+CD11c+pSTAT3+ 200-300,0,6,1,0,1,2,0,0,7,6,1,5,0,0,0,2,1,93,0,0
CD68+CD163+CD11c+pSTAT3+ 300-400,0,11,1,0,1,0,0,0,4,1,0,6,3,5,4,5,2,88,0,0
CD68+CD163+CD11c+pSTAT3+ 400-500,0,10,4,0,0,0,0,0,3,1,0,8,0,2,0,2,1,39,0,0
CD68+CD163+Ki67+ 0-100,2,5,12,0,0,151,1,0,182,14,2,6,0,2,25,6,3,60,0,0
CD68+CD163+Ki67+ 100-200,0,11,14,0,1,36,1,1,65,6,1,14,0,7,12,7,2,95,0,0
CD68+CD163+Ki67+ 200-300,0,18,19,0,0,7,4,0,20,4,0,14,0,2,1,3,5,70,0,0
CD68+CD163+Ki67+ 300-400,0,17,14,0,2,2,3,0,13,0,0,14,0,2,5,2,5,49,0,0
CD68+CD163+Ki67+ 400-500,0,26,30,0,1,0,3,0,15,1,0,16,0,5,0,3,1,33,0,0
CD68+CD163+CD206+Ki67+ 0-100,2,0,3,0,0,105,0,0,178,10,2,6,0,2,10,1,2,54,0,0
CD68+CD163+CD206+Ki67+ 100-200,0,1,2,0,0,13,1,1,59,5,0,14,0,4,3,2,2,76,0,0
CD68+CD163+CD206+Ki67+ 200-300,0,2,2,0,0,2,3,0,18,2,0,14,0,2,0,0,4,56,0,0
CD68+CD163+CD206+Ki67+ 300-400,0,1,0,0,2,2,1,0,13,0,0,14,0,1,4,2,4,41,0,0
CD68+CD163+CD206+Ki67+ 400-500,0,1,4,0,1,0,3,0,15,0,0,16,0,4,0,0,1,27,0,0
CD163+CD206+Ki67+ 0-100,5,0,3,0,1,518,0,0,561,14,8,29,0,7,28,4,2,238,1,35
CD163+CD206+Ki67+ 100-200,0,1,3,0,3,68,1,1,222,9,1,38,0,13,7,8,7,340,0,42
CD163+CD206+Ki67+ 200-300,0,2,5,0,5,10,4,0,96,4,1,29,0,8,0,12,7,250,1,35
CD163+CD206+Ki67+ 300-400,0,2,4,0,5,6,3,0,59,0,2,46,0,6,7,7,5,193,1,27
CD163+CD206+Ki67+ 400-500,0,1,13,0,3,0,6,0,53,0,1,48,0,11,0,4,1,117,0,5
CD68+CD11c+Ki67+ 0-100,31,6,11,0,0,93,0,0,110,23,8,0,0,0,65,3,14,43,0,1
CD68+CD11c+Ki67+ 100-200,4,13,14,0,1,21,0,1,39,8,2,3,3,0,30,6,4,71,0,1
CD68+CD11c+Ki67+ 200-300,0,24,16,0,0,7,0,1,9,6,4,3,3,1,2,11,12,58,1,0
CD68+CD11c+Ki67+ 300-400,0,22,12,0,1,2,1,1,10,1,0,2,2,1,6,8,16,39,0,0
CD68+CD11c+Ki67+ 400-500,0,24,24,0,1,0,2,4,8,1,1,2,4,0,0,5,3,29,0,0
CD11c+CD205+Ki67+ 0-100,8,0,1,0,0,163,0,1,31,20,0,0,0,0,525,2,5,53,1,0
CD11c+CD205+Ki67+ 100-200,0,1,4,0,0,21,0,2,12,13,1,1,0,0,273,3,8,68,0,1
CD11c+CD205+Ki67+ 200-300,0,3,7,0,0,2,1,0,2,4,0,1,0,1,64,1,8,60,2,0
CD11c+CD205+Ki67+ 300-400,0,1,3,0,0,0,0,0,2,1,0,2,1,1,44,4,7,50,0,0
CD11c+CD205+Ki67+ 400-500,0,1,6,0,0,0,0,0,3,2,0,3,0,0,10,1,6,28,0,0
CD11c+CD103+Ki67+ 0-100,4,0,0,0,0,207,0,0,89,38,8,0,0,0,192,2,8,39,0,2
CD11c+CD103+Ki67+ 100-200,1,2,1,0,1,31,1,1,30,21,6,3,1,0,83,2,5,62,1,1
CD11c+CD103+Ki67+ 200-300,0,4,3,0,0,4,1,1,8,8,7,1,1,0,17,0,6,39,1,0
CD11c+CD103+Ki67+ 300-400,0,3,0,0,0,2,3,1,7,3,0,0,1,0,25,3,6,36,1,1
CD11c+CD103+Ki67+ 400-500,0,1,1,0,1,0,5,3,8,3,1,1,0,0,5,0,1,24,0,2
P2RY12+Ki67+ 0-100,1184,2,0,0,0,1775,0,7,77,1542,99,5,6,0,299,15,84,56,11,153
P2RY12+Ki67+ 100-200,45,4,1,0,1,451,0,8,29,688,96,0,16,0,125,28,121,50,20,207
P2RY12+Ki67+ 200-300,5,6,0,0,0,82,0,6,16,245,41,1,36,0,36,45,143,46,24,155
P2RY12+Ki67+ 300-400,0,6,0,0,0,33,0,6,9,117,18,1,21,2,21,47,125,35,26,61
P2RY12+Ki67+ 400-500,0,3,1,0,0,6,0,9,9,106,6,4,32,0,1,39,73,17,35,42
CD11c+P2RY12+Ki67+ 0-100,1069,2,0,0,0,700,0,4,27,978,76,5,4,0,295,11,64,56,9,145
CD11c+P2RY12+Ki67+ 100-200,41,3,0,0,1,191,0,3,10,429,75,0,9,0,125,21,88,50,16,198
CD11c+P2RY12+Ki67+ 200-300,5,5,0,0,0,35,0,4,4,152,32,1,29,0,36,38,103,46,18,149
CD11c+P2RY12+Ki67+ 300-400,0,6,0,0,0,18,0,4,3,74,14,1,17,1,21,33,85,35,20,61
CD11c+P2RY12+Ki67+ 400-500,0,3,0,0,0,5,0,7,1,74,6,2,28,0,1,29,61,17,30,41
CD68+Ki67+ 0-100,34,10,12,0,0,164,1,0,186,24,8,7,0,3,65,7,16,66,0,2
CD68+Ki67+ 100-200,5,21,14,1,1,42,1,2,65,8,4,16,3,7,31,16,7,106,0,3
CD68+Ki67+ 200-300,0,34,20,0,0,10,5,1,20,6,4,14,3,5,2,17,14,73,1,0
CD68+Ki67+ 300-400,0,34,15,0,2,3,3,1,13,1,0,14,2,4,6,12,18,51,0,0
CD68+Ki67+ 400-500,0,36,31,0,1,0,3,4,16,1,1,16,4,10,0,9,4,33,0,0
CD163+Ki67+ 0-100,6,5,21,0,2,2141,3,0,681,35,13,31,0,7,115,34,4,375,1,56
CD163+Ki67+ 100-200,0,18,30,0,5,332,4,1,268,23,2,40,0,17,49,55,8,531,0,57
CD163+Ki67+ 200-300,0,28,42,0,7,79,9,0,132,7,3,29,0,10,13,75,11,390,2,53
CD163+Ki67+ 300-400,0,26,56,0,6,23,8,0,71,2,2,47,0,13,11,51,7,290,3,35
CD163+Ki67+ 400-500,0,31,80,0,3,1,13,0,67,3,1,50,0,13,6,45,1,204,1,7
CD206+Ki67+ 0-100,101,0,3,0,1,621,0,0,665,20,25,44,15,8,42,12,11,325,4,96
CD206+Ki67+ 100-200,5,1,4,0,3,96,2,3,276,11,25,58,35,15,14,15,16,451,3,147
CD206+Ki67+ 200-300,0,3,5,0,6,11,4,0,112,5,13,46,41,13,1,21,22,334,6,99
CD206+Ki67+ 300-400,0,4,4,0,9,8,7,1,73,0,4,64,47,15,8,23,12,262,4,52
CD206+Ki67+ 400-500,0,1,16,0,3,1,6,1,62,0,4,58,46,26,1,16,9,166,1,18
CD11c+Ki67+ 0-100,1581,15,20,1,4,1057,1,6,213,1075,82,14,38,1,4016,24,112,420,35,753
CD11c+Ki67+ 100-200,64,25,27,2,10,276,1,7,81,468,77,19,89,2,1946,44,171,453,71,827
CD11c+Ki67+ 200-300,6,49,42,1,11,69,2,7,22,168,33,11,152,4,489,82,175,360,69,735
CD11c+Ki67+ 300-400,2,67,39,2,9,32,4,7,21,82,14,12,145,10,195,68,142,265,56,380
CD11c+Ki67+ 400-500,0,83,57,4,4,7,7,10,18,83,6,12,188,9,51,58,96,203,77,187
CD68+CD163+CD11c+Ki67+ 0-100,1,2,11,0,0,88,0,0,110,13,2,0,0,0,25,2,2,42,0,0
CD68+CD163+CD11c+Ki67+ 100-200,0,9,14,0,1,19,0,0,39,6,0,2,0,0,12,2,0,66,0,0
CD68+CD163+CD11c+Ki67+ 200-300,0,14,15,0,0,6,0,0,9,4,0,3,0,0,1,1,4,58,0,0
CD68+CD163+CD11c+Ki67+ 300-400,0,9,11,0,1,2,1,0,10,0,0,2,0,1,5,2,5,39,0,0
CD68+CD163+CD11c+Ki67+ 400-500,0,17,24,0,1,0,2,0,8,1,0,2,0,0,0,0,1,29,0,0
CD68+CD163+cCasp3+ 0-100,9,1,1,0,0,489,0,0,240,29,6,3,0,1,26,4,0,13,0,1
CD68+CD163+cCasp3+ 100-200,0,7,1,0,4,106,0,4,24,12,2,5,0,12,5,4,0,32,0,0
CD68+CD163+cCasp3+ 200-300,0,11,2,0,2,24,1,2,18,6,1,11,0,6,0,2,1,19,0,0
CD68+CD163+cCasp3+ 300-400,0,13,1,0,2,5,0,0,20,1,0,9,3,10,4,5,2,12,0,0
CD68+CD163+cCasp3+ 400-500,0,3,0,0,5,0,1,1,10,1,0,17,0,13,0,1,1,9,0,0
CD68+CD163+CD206+cCasp3+ 0-100,8,0,0,0,0,265,0,0,173,19,4,3,0,1,10,2,0,12,0,0
CD68+CD163+CD206+cCasp3+ 100-200,0,1,0,0,3,53,0,3,23,9,2,5,0,8,3,1,0,28,0,0
CD68+CD163+CD206+cCasp3+ 200-300,0,2,0,0,2,12,0,1,17,4,0,11,0,5,0,1,1,15,0,0
CD68+CD163+CD206+cCasp3+ 300-400,0,5,0,0,2,2,0,0,19,1,0,9,3,9,4,4,1,11,0,0
CD68+CD163+CD206+cCasp3+ 400-500,0,0,0,0,3,0,1,0,9,0,0,16,0,11,0,1,1,7,0,0
CD163+CD206+cCasp3+ 0-100,23,0,0,0,1,2750,0,0,2432,65,13,159,0,8,27,5,0,206,0,1
CD163+CD206+cCasp3+ 100-200,0,1,0,0,5,505,0,3,485,23,7,178,0,20,8,22,0,299,0,8
CD163+CD206+cCasp3+ 200-300,0,2,0,0,6,94,0,1,192,11,0,131,0,25,0,23,1,228,0,7
CD163+CD206+cCasp3+ 300-400,0,5,0,0,4,9,0,1,132,1,1,264,4,23,7,18,3,155,0,3
CD163+CD206+cCasp3+ 400-500,0,0,1,0,7,0,5,0,115,2,0,250,1,35,0,15,2,115,0,2
CD68+CD11c+cCasp3+ 0-100,129,1,1,0,0,260,0,0,195,36,9,4,0,0,63,3,4,13,0,2
CD68+CD11c+cCasp3+ 100-200,7,5,1,0,6,57,0,1,25,14,6,5,0,6,19,5,3,32,1,1
CD68+CD11c+cCasp3+ 200-300,0,12,4,0,2,12,0,1,24,9,1,4,0,6,3,2,2,20,0,1
CD68+CD11c+cCasp3+ 300-400,0,17,1,1,2,3,0,3,21,3,0,6,3,9,6,9,3,11,0,0
CD68+CD11c+cCasp3+ 400-500,0,11,0,2,4,0,0,0,10,1,1,6,0,11,0,1,1,9,0,0
CD11c+CD205+cCasp3+ 0-100,148,1,0,0,0,455,0,0,137,55,1,6,0,0,521,5,6,30,0,1
CD11c+CD205+cCasp3+ 100-200,12,3,1,0,3,67,0,0,20,34,1,7,1,6,296,4,8,47,0,1
CD11c+CD205+cCasp3+ 200-300,1,5,3,0,0,5,0,0,3,14,1,3,0,1,60,4,10,41,0,0
CD11c+CD205+cCasp3+ 300-400,0,9,3,0,0,1,1,1,7,3,0,7,5,3,45,10,7,35,0,0
CD11c+CD205+cCasp3+ 400-500,0,2,0,1,0,0,0,0,8,4,0,17,3,2,7,5,7,30,0,0
CD11c+CD103+cCasp3+ 0-100,32,1,0,0,1,747,0,1,2548,167,20,5,0,0,158,3,4,61,0,4
CD11c+CD103+cCasp3+ 100-200,2,3,0,0,7,103,0,2,222,76,17,5,0,3,67,6,1,85,0,7
CD11c+CD103+cCasp3+ 200-300,0,6,0,0,6,12,2,1,96,36,9,5,0,2,17,2,2,63,0,4
CD11c+CD103+cCasp3+ 300-400,0,7,0,0,2,2,3,4,91,14,5,5,3,1,27,7,4,47,0,6
CD11c+CD103+cCasp3+ 400-500,0,2,0,1,4,1,1,0,81,11,2,9,1,2,0,4,2,34,0,2
P2RY12+cCasp3+ 0-100,7005,2,0,0,0,9290,0,48,6391,6305,488,57,2,0,443,16,100,59,6,49
P2RY12+cCasp3+ 100-200,292,8,0,0,5,1887,0,86,430,2388,435,98,5,1,169,39,158,85,5,38
P2RY12+cCasp3+ 200-300,36,14,1,0,3,324,1,95,165,948,211,35,9,5,41,60,165,47,6,28
P2RY12+cCasp3+ 300-400,3,18,0,0,0,103,0,78,162,445,64,56,15,13,24,69,117,45,2,14
P2RY12+cCasp3+ 400-500,0,10,2,1,1,21,1,51,101,413,26,67,13,2,3,50,70,28,8,7
CD11c+P2RY12+cCasp3+ 0-100,6317,2,0,0,0,2967,0,15,1310,3592,232,51,0,0,420,11,74,58,2,40
CD11c+P2RY12+cCasp3+ 100-200,266,5,0,0,4,670,0,21,114,1314,195,89,5,1,157,26,117,84,5,32
CD11c+P2RY12+cCasp3+ 200-300,31,7,1,0,3,108,0,29,69,493,94,32,5,3,40,35,109,47,3,24
CD11c+P2RY12+cCasp3+ 300-400,2,12,0,0,0,38,0,23,59,230,37,50,13,4,23,43,86,45,0,8
CD11c+P2RY12+cCasp3+ 400-500,0,6,1,1,0,12,0,12,40,226,14,63,8,0,3,30,48,28,3,5
CD68+cCasp3+ 0-100,140,4,1,0,0,517,0,0,345,42,12,7,1,2,64,5,4,15,0,5
CD68+cCasp3+ 100-200,7,18,1,0,6,115,0,6,36,17,7,8,0,14,20,6,5,34,1,2
CD68+cCasp3+ 200-300,0,35,4,0,3,26,1,4,27,9,1,13,1,13,3,3,4,21,0,1
CD68+cCasp3+ 300-400,0,35,1,1,3,7,1,5,26,3,0,12,3,13,6,9,3,12,0,0
CD68+cCasp3+ 400-500,0,24,0,2,7,1,1,3,15,1,1,18,0,22,0,1,2,9,0,1
CD163+cCasp3+ 0-100,37,2,3,0,3,11752,0,5,6179,164,21,172,0,12,117,36,0,299,1,3
CD163+cCasp3+ 100-200,0,7,7,0,9,1962,1,6,1010,74,12,187,0,33,62,66,0,404,0,8
CD163+cCasp3+ 200-300,0,11,13,0,7,370,4,5,403,27,3,142,0,31,5,100,1,320,0,7
CD163+cCasp3+ 300-400,0,14,10,0,5,90,1,2,284,9,2,272,4,30,13,101,4,222,0,4
CD163+cCasp3+ 400-500,0,5,8,0,14,2,10,1,232,8,0,264,1,40,4,66,3,160,0,2
CD206+cCasp3+ 0-100,295,0,0,0,1,3270,0,1,3755,86,259,462,2,17,51,22,23,494,1,20
CD206+cCasp3+ 100-200,7,1,0,0,6,613,4,6,734,30,283,617,5,39,20,63,16,589,1,39
CD206+cCasp3+ 200-300,0,2,0,0,7,118,9,14,317,17,179,458,12,59,2,43,15,459,3,23
CD206+cCasp3+ 300-400,0,6,0,0,4,12,10,9,236,3,65,658,8,52,9,28,19,354,2,20
CD206+cCasp3+ 400-500,0,0,2,1,11,1,15,8,186,4,23,610,4,67,0,35,10,254,1,11
CD11c+cCasp3+ 0-100,9369,15,8,1,6,4581,0,18,3301,3871,250,300,1,5,6391,22,140,997,9,114
CD11c+cCasp3+ 100-200,394,38,12,5,10,1024,1,34,411,1414,215,373,7,19,3099,49,233,1113,10,90
CD11c+cCasp3+ 200-300,58,55,22,4,9,202,4,34,163,520,107,232,17,30,622,60,208,819,12,73
CD11c+cCasp3+ 300-400,6,63,15,9,11,83,7,29,120,257,44,222,24,27,288,60,168,670,5,41
CD11c+cCasp3+ 400-500,0,55,10,11,17,12,9,19,96,245,16,207,20,34,98,43,107,437,7,25
CD68+CD163+CD11c+cCasp3+ 0-100,5,1,1,0,0,249,0,0,138,25,4,3,0,0,26,3,0,12,0,1
CD68+CD163+CD11c+cCasp3+ 100-200,0,4,1,0,4,55,0,1,17,11,2,2,0,6,5,3,0,30,0,0
CD68+CD163+CD11c+cCasp3+ 200-300,0,6,2,0,2,12,0,0,15,6,1,3,0,2,0,1,1,18,0,0
CD68+CD163+CD11c+cCasp3+ 300-400,0,9,1,0,2,2,0,0,17,1,0,5,3,6,4,5,2,11,0,0
CD68+CD163+CD11c+cCasp3+ 400-500,0,3,0,0,4,0,0,0,6,1,0,6,0,6,0,1,1,9,0,0
CD68+CD163+HLADR+ 0-100,63,24,184,1,16,3706,2,7,1451,48,38,266,0,58,143,35,11,2091,0,1
CD68+CD163+HLADR+ 100-200,1,63,342,7,17,936,9,11,384,23,43,387,1,133,64,72,15,2477,3,2
CD68+CD163+HLADR+ 200-300,1,97,408,13,19,201,17,7,226,12,16,393,0,107,7,50,21,1962,1,2
CD68+CD163+HLADR+ 300-400,0,135,456,11,23,67,22,4,140,6,3,516,3,150,11,58,27,1530,6,0
CD68+CD163+HLADR+ 400-500,0,179,546,6,30,7,67,6,105,3,0,563,0,167,0,35,9,1035,1,0
CD68+CD163+CD206+HLADR+ 0-100,47,0,37,0,14,1985,1,6,1315,37,29,260,0,51,14,15,10,1882,0,0
CD68+CD163+CD206+HLADR+ 100-200,1,4,68,3,15,457,4,10,334,20,33,378,1,99,6,32,12,2221,2,2
CD68+CD163+CD206+HLADR+ 200-300,1,4,86,7,18,104,10,6,212,10,9,388,0,93,0,19,14,1760,1,2
CD68+CD163+CD206+HLADR+ 300-400,0,11,113,5,22,24,10,4,131,6,1,508,3,121,3,16,13,1378,2,0
CD68+CD163+CD206+HLADR+ 400-500,0,1,128,4,28,3,30,5,90,2,0,555,0,148,0,18,7,931,1,0
CD163+CD206+HLADR+ 0-100,90,2,47,0,19,5881,3,6,3830,259,43,974,0,125,20,109,18,6688,2,15
CD163+CD206+HLADR+ 100-200,1,4,87,3,20,1184,7,12,1192,144,45,1329,2,189,12,315,27,7727,7,26
CD163+CD206+HLADR+ 200-300,2,4,123,8,31,265,20,7,655,64,10,1258,0,186,0,260,29,5707,7,26
CD163+CD206+HLADR+ 300-400,0,13,166,6,36,51,20,7,402,16,5,1774,3,215,4,194,34,4590,18,2
CD163+CD206+HLADR+ 400-500,0,1,184,9,60,4,43,6,277,11,0,1717,1,245,0,237,17,3255,11,3
CD68+CD11c+HLADR+ 0-100,1647,66,165,1,17,1762,0,87,881,416,85,150,10,12,492,49,89,1962,0,2
CD68+CD11c+HLADR+ 100-200,82,204,323,7,16,560,2,118,174,160,79,218,35,54,226,101,124,2327,6,4
CD68+CD11c+HLADR+ 200-300,11,316,380,11,20,124,3,130,120,84,53,162,70,88,38,109,125,1859,3,4
CD68+CD11c+HLADR+ 300-400,0,427,419,15,23,53,8,143,84,35,17,198,74,118,26,119,109,1462,10,0
CD68+CD11c+HLADR+ 400-500,0,496,519,16,32,8,27,139,51,19,6,223,68,108,4,93,67,983,3,0
CD11c+CD205+HLADR+ 0-100,211,1,44,0,1,1053,0,31,509,49,1,95,3,5,1595,19,107,1452,2,2
CD11c+CD205+HLADR+ 100-200,8,5,115,0,2,239,1,27,117,27,0,90,1,10,839,28,114,1790,9,1
CD11c+CD205+HLADR+ 200-300,1,5,167,0,1,45,6,10,53,11,0,72,2,23,188,31,124,1446,13,0
CD11c+CD205+HLADR+ 300-400,0,12,195,0,1,20,5,1,33,3,1,137,4,24,92,30,100,1273,10,0
CD11c+CD205+HLADR+ 400-500,0,5,188,2,0,2,13,0,22,3,0,185,1,27,27,24,67,852,2,2
CD11c+CD103+HLADR+ 0-100,269,5,15,0,6,2103,1,60,932,420,83,45,5,3,656,14,54,1346,0,4
CD11c+CD103+HLADR+ 100-200,11,19,47,1,13,517,3,79,135,178,74,63,14,26,278,32,43,1606,4,7
CD11c+CD103+HLADR+ 200-300,3,22,70,0,15,125,12,94,81,80,49,46,39,29,55,19,59,1369,0,6
CD11c+CD103+HLADR+ 300-400,0,27,78,4,15,43,27,100,69,28,16,48,41,40,46,21,50,1074,6,0
CD11c+CD103+HLADR+ 400-500,0,52,86,6,14,11,32,105,58,26,6,64,35,25,15,24,29,699,5,1
P2RY12+HLADR+ 0-100,5120,23,0,0,0,6391,0,248,2148,11033,128,207,15,0,629,317,252,1793,64,19
P2RY12+HLADR+ 100-200,253,56,7,0,2,1510,0,433,596,4868,99,228,42,1,318,698,419,2038,122,26
P2RY12+HLADR+ 200-300,38,82,18,0,0,280,1,461,260,1863,56,163,51,5,75,1039,454,1524,122,14
P2RY12+HLADR+ 300-400,1,102,17,1,0,99,1,453,184,804,22,231,53,9,37,974,349,1245,153,8
P2RY12+HLADR+ 400-500,0,102,25,3,1,18,2,383,158,600,8,320,51,5,7,868,257,857,141,5
CD11c+P2RY12+HLADR+ 0-100,5118,23,0,0,0,3803,0,231,596,10894,125,196,13,0,629,300,245,1793,63,17
CD11c+P2RY12+HLADR+ 100-200,253,54,5,0,2,1002,0,410,136,4813,92,222,42,1,318,656,417,2037,119,20
CD11c+P2RY12+HLADR+ 200-300,38,78,14,0,0,176,0,431,68,1844,55,150,50,4,75,977,443,1523,121,13
CD11c+P2RY12+HLADR+ 300-400,1,96,13,1,0,78,1,418,43,793,22,203,52,7,37,920,343,1245,148,3
CD11c+P2RY12+HLADR+ 400-500,0,100,21,3,1,14,1,367,39,587,8,290,50,5,7,814,256,857,139,4
CD68+HLADR+ 0-100,1669,99,191,1,22,3897,2,90,1519,430,88,320,11,66,499,83,91,2190,1,5
CD68+HLADR+ 100-200,83,294,360,9,19,1025,10,130,388,169,85,475,36,171,229,171,136,2599,6,7
CD68+HLADR+ 200-300,11,482,435,19,20,228,20,138,229,86,53,449,71,180,38,180,148,2024,4,5
CD68+HLADR+ 300-400,0,620,512,18,24,90,28,156,149,38,18,553,74,232,26,177,116,1572,12,0
CD68+HLADR+ 400-500,0,688,594,19,36,10,72,151,107,20,6,589,68,238,4,125,73,1057,3,1
CD163+HLADR+ 0-100,108,29,318,1,21,16058,6,10,5995,415,61,1031,0,146,385,375,19,8784,2,20
CD163+HLADR+ 100-200,1,72,644,11,23,3288,18,13,1922,203,58,1414,2,258,196,872,34,10144,10,31
CD163+HLADR+ 200-300,2,121,783,18,33,712,35,9,987,85,21,1311,0,224,27,963,38,7519,9,32
CD163+HLADR+ 300-400,0,157,874,20,39,204,60,7,689,25,7,1828,3,275,22,803,56,5990,29,5
CD163+HLADR+ 400-500,0,199,991,13,66,13,133,7,523,19,0,1780,1,292,5,680,23,4325,21,3
CD206+HLADR+ 0-100,457,5,49,1,29,6041,4,28,4220,386,79,1441,7,143,49,207,82,8289,18,43
CD206+HLADR+ 100-200,19,7,93,3,23,1236,10,48,1264,222,71,1973,20,247,25,563,86,9420,25,75
CD206+HLADR+ 200-300,3,13,128,11,36,270,28,23,702,91,33,1880,24,288,2,453,97,6853,48,57
CD206+HLADR+ 300-400,0,22,178,6,40,54,32,30,431,30,14,2573,19,342,5,409,64,5494,62,17
CD206+HLADR+ 400-500,0,11,196,11,66,9,51,31,296,16,1,2361,24,372,0,411,50,3847,37,13
CD11c+HLADR+ 0-100,6759,177,329,2,23,6805,2,325,2125,12024,167,480,51,30,3813,574,388,10123,86,60
CD11c+HLADR+ 100-200,338,440,674,18,22,1833,8,564,504,5279,133,630,150,88,1952,1141,571,11703,173,88
CD11c+HLADR+ 200-300,47,675,793,28,38,407,27,569,292,1991,80,523,265,173,413,1460,594,8534,175,65
CD11c+HLADR+ 300-400,2,854,876,43,41,165,36,565,183,877,28,617,295,220,187,1391,486,6805,209,22
CD11c+HLADR+ 400-500,0,940,999,33,69,25,57,517,122,659,9,679,314,195,55,1269,336,4924,202,14
CD68+CD163+CD11c+HLADR+ 0-100,52,17,160,1,13,1665,0,7,837,35,35,100,0,8,143,14,10,1888,0,1
CD68+CD163+CD11c+HLADR+ 100-200,0,47,310,5,15,523,2,8,170,16,41,135,1,40,64,34,9,2231,3,2
CD68+CD163+CD11c+HLADR+ 200-300,1,79,362,7,19,109,3,4,119,10,16,115,0,48,7,20,17,1807,1,1
CD68+CD163+CD11c+HLADR+ 300-400,0,108,382,9,22,40,7,3,78,3,3,172,3,64,11,21,24,1434,5,0
CD68+CD163+CD11c+HLADR+ 400-500,0,147,481,4,30,6,26,2,49,2,0,201,0,75,0,16,7,967,1,0
CD68+CD163+INFgamma+ 0-100,1,0,0,0,0,24,0,0,2,0,0,0,0,0,9,3,0,0,0,1
CD68+CD163+INFgamma+ 100-200,0,3,0,0,0,2,0,3,0,0,0,0,0,0,2,1,0,2,0,0
CD68+CD163+INFgamma+ 200-300,0,0,0,0,0,0,0,2,0,0,1,0,0,0,0,1,0,1,0,0
CD68+CD163+INFgamma+ 300-400,0,2,0,0,0,1,0,0,0,0,0,0,3,0,4,4,1,0,0,0
CD68+CD163+INFgamma+ 400-500,0,0,0,0,0,0,0,1,0,0,0,0,0,0,0,1,2,1,0,0
CD68+CD163+CD206+INFgamma+ 0-100,1,0,0,0,0,23,0,0,2,0,0,0,0,0,8,2,0,0,0,0
CD68+CD163+CD206+INFgamma+ 100-200,0,1,0,0,0,2,0,2,0,0,0,0,0,0,2,1,0,1,0,0
CD68+CD163+CD206+INFgamma+ 200-300,0,0,0,0,0,0,0,1,0,0,0,0,0,0,0,1,0,1,0,0
CD68+CD163+CD206+INFgamma+ 300-400,0,1,0,0,0,0,0,0,0,0,0,0,3,0,4,4,1,0,0,0
CD68+CD163+CD206+INFgamma+ 400-500,0,0,0,0,0,0,0,0,0,0,0,0,0,0,0,1,2,1,0,0
CD163+CD206+INFgamma+ 0-100,1,0,0,0,0,25,0,0,2,0,0,0,0,0,10,2,0,2,0,0
CD163+CD206+INFgamma+ 100-200,0,1,0,0,0,2,0,2,0,0,0,1,0,0,2,2,0,1,0,0
CD163+CD206+INFgamma+ 200-300,0,0,0,0,0,1,0,1,0,0,0,0,0,0,0,1,0,3,0,0
CD163+CD206+INFgamma+ 300-400,0,1,0,0,0,0,0,0,0,0,0,0,3,0,4,6,1,0,0,0
CD163+CD206+INFgamma+ 400-500,0,0,0,0,0,0,0,0,0,0,0,0,0,0,0,1,2,1,0,0
CD68+CD11c+INFgamma+ 0-100,1,0,0,0,0,21,0,0,2,0,0,0,0,0,11,3,0,0,0,2
CD68+CD11c+INFgamma+ 100-200,0,1,0,0,0,1,0,1,0,0,0,0,0,0,2,1,0,1,0,1
CD68+CD11c+INFgamma+ 200-300,0,1,0,1,0,0,0,1,0,0,1,0,0,0,0,1,0,1,0,0
CD68+CD11c+INFgamma+ 300-400,0,1,0,1,0,1,0,0,0,0,0,2,3,0,4,4,2,0,0,0
CD68+CD11c+INFgamma+ 400-500,0,0,0,3,0,0,0,0,0,0,0,0,0,0,0,1,2,1,0,0
CD11c+CD205+INFgamma+ 0-100,1,0,0,0,0,24,0,0,2,0,0,0,1,0,15,2,0,1,0,1
CD11c+CD205+INFgamma+ 100-200,0,1,0,0,0,1,0,0,0,0,0,0,1,0,4,3,0,1,0,0
CD11c+CD205+INFgamma+ 200-300,0,0,0,0,0,0,0,0,0,0,0,0,1,0,0,1,0,3,0,0
CD11c+CD205+INFgamma+ 300-400,0,1,0,0,0,0,0,0,1,0,0,0,3,0,4,4,1,0,0,0
CD11c+CD205+INFgamma+ 400-500,0,0,0,2,0,0,0,0,0,0,0,0,1,0,0,1,2,0,0,0
CD11c+CD103+INFgamma+ 0-100,1,0,0,0,0,21,0,0,0,0,0,1,0,0,12,2,0,0,0,2
CD11c+CD103+INFgamma+ 100-200,0,1,0,0,0,1,0,1,0,0,0,0,0,0,2,2,0,1,0,0
CD11c+CD103+INFgamma+ 200-300,0,0,0,0,0,0,0,1,0,0,1,0,0,0,0,1,0,1,0,0
CD11c+CD103+INFgamma+ 300-400,0,1,0,0,0,1,0,0,0,0,0,0,2,0,4,4,1,0,0,0
CD11c+CD103+INFgamma+ 400-500,0,0,0,2,0,0,0,0,0,0,0,0,0,0,0,1,2,1,0,0
P2RY12+INFgamma+ 0-100,2,0,0,0,0,28,0,0,2,0,0,0,1,0,12,3,0,1,0,2
P2RY12+INFgamma+ 100-200,0,3,0,0,0,4,0,4,0,0,0,0,1,0,2,2,0,1,0,1
P2RY12+INFgamma+ 200-300,0,0,0,0,0,0,0,2,0,0,1,0,2,0,0,3,1,2,0,0
P2RY12+INFgamma+ 300-400,0,2,0,1,0,2,0,0,0,0,0,2,3,1,4,7,4,0,0,0
P2RY12+INFgamma+ 400-500,0,0,0,3,0,0,0,2,0,0,0,0,0,0,0,1,2,0,0,0
CD11c+P2RY12+INFgamma+ 0-100,1,0,0,0,0,26,0,0,2,0,0,0,1,0,12,3,0,1,0,2
CD11c+P2RY12+INFgamma+ 100-200,0,1,0,0,0,3,0,1,0,0,0,0,1,0,2,2,0,1,0,1
CD11c+P2RY12+INFgamma+ 200-300,0,0,0,0,0,0,0,0,0,0,1,0,1,0,0,1,0,2,0,0
CD11c+P2RY12+INFgamma+ 300-400,0,1,0,1,0,2,0,0,0,0,0,2,3,1,4,5,3,0,0,0
CD11c+P2RY12+INFgamma+ 400-500,0,0,0,3,0,0,0,0,0,0,0,0,0,0,0,1,2,0,0,0
CD68+INFgamma+ 0-100,1,1,0,0,0,24,0,0,3,0,0,0,0,0,15,3,0,0,0,2
CD68+INFgamma+ 100-200,0,4,0,0,0,3,0,4,0,0,0,0,1,0,4,1,1,4,0,2
CD68+INFgamma+ 200-300,0,2,0,1,0,0,0,3,0,0,1,0,1,0,0,3,0,1,0,0
CD68+INFgamma+ 300-400,0,3,0,1,0,1,0,1,0,0,0,2,3,0,4,5,2,0,0,0
CD68+INFgamma+ 400-500,0,0,0,4,1,0,0,3,0,0,0,0,0,0,0,1,3,1,0,0
CD163+INFgamma+ 0-100,1,0,0,0,0,31,0,0,2,0,0,0,0,0,12,3,0,2,0,1
CD163+INFgamma+ 100-200,0,3,0,0,0,2,0,3,0,0,0,1,0,0,2,2,0,2,0,0
CD163+INFgamma+ 200-300,0,0,0,0,0,1,0,2,0,0,1,0,0,0,0,1,0,4,0,0
CD163+INFgamma+ 300-400,0,2,0,0,0,1,0,0,1,0,0,0,3,0,4,6,1,0,0,0
CD163+INFgamma+ 400-500,0,0,0,0,0,0,0,1,0,0,0,0,0,0,0,1,2,2,0,0
CD206+INFgamma+ 0-100,1,1,0,0,0,25,0,0,4,0,0,0,1,0,12,2,1,2,0,0
CD206+INFgamma+ 100-200,0,1,0,0,0,3,0,2,0,0,2,1,1,0,3,4,1,2,0,0
CD206+INFgamma+ 200-300,0,0,0,0,0,1,0,1,0,0,0,0,1,0,0,1,0,4,0,0
CD206+INFgamma+ 300-400,0,1,0,0,0,1,0,0,0,0,0,1,3,0,4,6,1,0,0,0
CD206+INFgamma+ 400-500,0,0,0,1,0,0,0,0,0,0,0,1,1,0,0,1,2,2,0,0
CD11c+INFgamma+ 0-100,2,1,0,0,0,27,0,0,4,0,0,1,1,0,25,3,0,2,0,2
CD11c+INFgamma+ 100-200,0,3,0,0,0,3,0,1,0,0,0,1,1,0,8,4,0,4,0,1
CD11c+INFgamma+ 200-300,0,2,0,1,0,1,0,1,0,0,1,0,1,0,0,2,0,5,0,0
CD11c+INFgamma+ 300-400,0,2,0,1,0,2,0,0,1,0,0,2,3,1,4,5,4,0,0,0
CD11c+INFgamma+ 400-500,0,0,0,3,0,0,0,0,0,0,0,0,1,0,0,1,5,2,0,0
CD68+CD163+CD11c+INFgamma+ 0-100,1,0,0,0,0,21,0,0,2,0,0,0,0,0,9,3,0,0,0,1
CD68+CD163+CD11c+INFgamma+ 100-200,0,1,0,0,0,1,0,1,0,0,0,0,0,0,2,1,0,1,0,0
CD68+CD163+CD11c+INFgamma+ 200-300,0,0,0,0,0,0,0,0,0,0,1,0,0,0,0,1,0,1,0,0
CD68+CD163+CD11c+INFgamma+ 300-400,0,1,0,0,0,1,0,0,0,0,0,0,3,0,4,4,1,0,0,0
CD68+CD163+CD11c+INFgamma+ 400-500,0,0,0,0,0,0,0,0,0,0,0,0,0,0,0,1,2,1,0,0
CD68+CD163+TNFa+ 0-100,2,0,0,0,0,8,0,0,2,9,0,0,0,0,0,1,0,0,0,0
CD68+CD163+TNFa+ 100-200,0,1,0,0,2,1,0,0,0,1,0,0,0,0,0,1,0,2,0,0
CD68+CD163+TNFa+ 200-300,0,0,0,0,0,0,0,0,0,1,1,0,0,0,0,1,0,0,0,0
CD68+CD163+TNFa+ 300-400,0,0,0,0,0,0,0,0,0,0,0,0,3,0,0,2,1,1,0,0
CD68+CD163+TNFa+ 400-500,0,0,0,0,0,0,0,0,0,0,0,0,0,0,0,0,1,1,0,0
CD68+CD163+CD206+TNFa+ 0-100,2,0,0,0,0,8,0,0,2,8,0,0,0,0,0,1,0,0,0,0
CD68+CD163+CD206+TNFa+ 100-200,0,0,0,0,2,1,0,0,0,0,0,0,0,0,0,1,0,1,0,0
CD68+CD163+CD206+TNFa+ 200-300,0,0,0,0,0,0,0,0,0,1,0,0,0,0,0,1,0,0,0,0
CD68+CD163+CD206+TNFa+ 300-400,0,0,0,0,0,0,0,0,0,0,0,0,3,0,0,2,1,1,0,0
CD68+CD163+CD206+TNFa+ 400-500,0,0,0,0,0,0,0,0,0,0,0,0,0,0,0,0,1,1,0,0
CD163+CD206+TNFa+ 0-100,2,0,0,0,0,8,0,0,2,8,0,0,0,0,0,1,0,2,0,0
CD163+CD206+TNFa+ 100-200,0,0,0,0,2,1,0,0,0,0,0,0,0,0,0,1,0,1,0,0
CD163+CD206+TNFa+ 200-300,0,0,0,0,0,0,0,0,0,2,0,0,0,0,0,1,0,0,0,0
CD163+CD206+TNFa+ 300-400,0,0,0,0,0,0,0,0,0,0,0,0,3,0,0,2,1,1,0,0
CD163+CD206+TNFa+ 400-500,0,0,0,0,0,0,0,0,0,0,0,0,0,0,0,0,1,1,0,0
CD68+CD11c+TNFa+ 0-100,3,0,0,0,0,8,0,0,3,9,0,0,0,0,0,1,0,0,0,0
CD68+CD11c+TNFa+ 100-200,0,0,0,0,2,1,0,0,0,1,0,0,0,0,0,1,0,1,0,0
CD68+CD11c+TNFa+ 200-300,0,0,0,0,0,0,0,0,0,1,1,0,0,0,0,1,0,0,0,0
CD68+CD11c+TNFa+ 300-400,0,0,0,0,0,0,0,0,0,0,0,0,3,0,0,2,2,1,0,0
CD68+CD11c+TNFa+ 400-500,0,0,0,0,0,0,0,0,0,0,0,0,0,0,0,0,1,1,0,0
CD11c+CD205+TNFa+ 0-100,2,0,0,0,0,8,0,0,2,9,0,0,0,0,0,1,0,1,0,0
CD11c+CD205+TNFa+ 100-200,0,0,0,0,2,1,0,0,0,1,0,0,1,0,0,1,0,1,0,0
CD11c+CD205+TNFa+ 200-300,0,0,0,0,0,0,0,0,0,1,0,0,1,0,0,1,0,1,0,0
CD11c+CD205+TNFa+ 300-400,0,0,0,0,0,0,0,0,0,0,0,0,3,0,0,2,1,0,0,0
CD11c+CD205+TNFa+ 400-500,0,0,0,0,0,0,0,0,0,0,0,0,0,0,0,0,1,0,0,0
CD11c+CD103+TNFa+ 0-100,2,0,0,0,0,8,0,0,1,10,0,0,0,0,0,1,0,0,0,0
CD11c+CD103+TNFa+ 100-200,0,0,0,0,2,1,0,0,0,1,0,0,0,0,0,1,0,1,0,0
CD11c+CD103+TNFa+ 200-300,0,0,0,0,0,0,0,0,0,2,1,0,0,0,0,1,0,0,0,0
CD11c+CD103+TNFa+ 300-400,0,0,0,0,0,0,0,0,0,0,0,0,2,0,0,2,1,0,0,0
CD11c+CD103+TNFa+ 400-500,0,0,0,0,0,0,0,0,0,0,0,0,0,0,0,0,1,1,0,0
P2RY12+TNFa+ 0-100,3,0,0,0,0,8,0,0,3,10,0,0,0,0,0,1,0,1,0,0
P2RY12+TNFa+ 100-200,0,1,0,0,2,1,0,0,0,1,0,0,1,0,0,1,0,1,0,0
P2RY12+TNFa+ 200-300,0,0,0,0,0,0,0,0,0,2,1,0,1,0,0,1,1,0,0,0
P2RY12+TNFa+ 300-400,0,0,0,0,0,0,0,0,0,0,0,0,3,0,0,2,2,0,0,0
P2RY12+TNFa+ 400-500,0,0,0,0,0,0,0,0,0,0,0,0,0,0,0,0,1,0,0,0
CD11c+P2RY12+TNFa+ 0-100,3,0,0,0,0,8,0,0,3,10,0,0,0,0,0,1,0,1,0,0
CD11c+P2RY12+TNFa+ 100-200,0,0,0,0,2,1,0,0,0,1,0,0,1,0,0,1,0,1,0,0
CD11c+P2RY12+TNFa+ 200-300,0,0,0,0,0,0,0,0,0,2,1,0,1,0,0,1,0,0,0,0
CD11c+P2RY12+TNFa+ 300-400,0,0,0,0,0,0,0,0,0,0,0,0,3,0,0,2,2,0,0,0
CD11c+P2RY12+TNFa+ 400-500,0,0,0,0,0,0,0,0,0,0,0,0,0,0,0,0,1,0,0,0
CD68+TNFa+ 0-100,4,0,0,0,0,8,0,0,3,9,0,0,0,0,0,1,0,0,0,0
CD68+TNFa+ 100-200,0,1,0,0,2,1,0,0,0,1,1,0,0,0,0,1,1,3,0,0
CD68+TNFa+ 200-300,0,0,0,0,0,0,0,0,0,1,1,0,0,0,0,1,0,0,0,0
CD68+TNFa+ 300-400,0,0,0,0,0,0,0,0,0,0,0,0,3,0,0,2,2,1,0,0
CD68+TNFa+ 400-500,0,0,0,0,1,0,0,0,0,0,0,0,0,0,0,0,2,1,0,0
CD163+TNFa+ 0-100,2,0,0,0,0,8,0,0,2,10,0,0,0,0,0,1,0,2,0,0
CD163+TNFa+ 100-200,0,1,0,0,2,1,0,0,0,1,0,0,0,0,0,1,0,2,0,0
CD163+TNFa+ 200-300,0,0,0,0,0,0,0,0,0,2,1,0,0,0,0,1,0,0,0,0
CD163+TNFa+ 300-400,0,0,0,0,0,0,0,0,1,0,0,0,3,0,0,2,1,1,0,0
CD163+TNFa+ 400-500,0,0,0,0,0,0,0,0,0,0,0,0,0,0,0,0,1,1,0,0
CD206+TNFa+ 0-100,2,0,0,0,0,8,0,0,3,8,0,0,0,0,0,1,0,2,0,0
CD206+TNFa+ 100-200,0,0,0,0,2,1,0,0,0,0,0,0,1,0,0,1,0,2,0,0
CD206+TNFa+ 200-300,0,0,0,0,0,0,0,0,0,2,0,0,1,0,0,1,0,1,0,0
CD206+TNFa+ 300-400,0,0,0,0,0,0,0,0,0,0,0,0,3,0,0,2,1,1,0,0
CD206+TNFa+ 400-500,0,0,0,0,0,0,0,0,0,0,0,0,0,0,0,0,1,1,0,0
CD11c+TNFa+ 0-100,3,0,0,0,0,8,0,0,3,10,0,0,0,0,0,1,0,3,0,1
CD11c+TNFa+ 100-200,0,0,0,0,2,1,0,0,0,1,0,0,1,0,0,1,0,3,0,0
CD11c+TNFa+ 200-300,0,0,0,0,0,0,0,0,0,2,1,0,1,0,0,1,0,1,0,0
CD11c+TNFa+ 300-400,0,0,0,0,0,0,0,0,1,0,0,0,3,0,0,2,2,2,0,0
CD11c+TNFa+ 400-500,0,0,0,0,0,0,0,0,0,0,0,0,0,0,0,0,4,1,0,0
CD68+CD163+CD11c+TNFa+ 0-100,2,0,0,0,0,8,0,0,2,9,0,0,0,0,0,1,0,0,0,0
CD68+CD163+CD11c+TNFa+ 100-200,0,0,0,0,2,1,0,0,0,1,0,0,0,0,0,1,0,1,0,0
CD68+CD163+CD11c+TNFa+ 200-300,0,0,0,0,0,0,0,0,0,1,1,0,0,0,0,1,0,0,0,0
CD68+CD163+CD11c+TNFa+ 300-400,0,0,0,0,0,0,0,0,0,0,0,0,3,0,0,2,1,1,0,0
CD68+CD163+CD11c+TNFa+ 400-500,0,0,0,0,0,0,0,0,0,0,0,0,0,0,0,0,1,1,0,0
CD68+CD163+CD4+ 0-100,20,5,65,0,2,1117,0,4,2347,31,6,30,0,24,13,17,8,1719,0,1
CD68+CD163+CD4+ 100-200,2,11,104,0,9,310,0,8,647,15,13,38,0,46,3,27,9,2074,1,0
CD68+CD163+CD4+ 200-300,0,21,132,0,4,76,1,3,335,8,2,25,4,40,1,31,9,1708,2,0
CD68+CD163+CD4+ 300-400,0,31,104,1,10,22,1,1,219,1,1,54,3,43,4,25,13,1351,2,0
CD68+CD163+CD4+ 400-500,0,25,142,0,8,1,3,0,164,1,1,43,1,51,0,12,6,896,1,0
CD68+CD163+CD206+CD4+ 0-100,19,0,18,0,2,682,0,4,1992,22,6,29,0,21,10,4,8,1554,0,0
CD68+CD163+CD206+CD4+ 100-200,2,1,26,0,8,176,0,8,518,12,13,38,0,38,3,8,6,1882,1,0
CD68+CD163+CD206+CD4+ 200-300,0,3,32,0,4,45,0,3,283,6,2,25,4,33,1,10,8,1544,2,0
CD68+CD163+CD206+CD4+ 300-400,0,5,33,1,10,12,1,1,184,1,1,53,3,38,4,6,4,1228,1,0
CD68+CD163+CD206+CD4+ 400-500,0,0,54,0,7,1,2,0,130,0,1,43,1,46,0,2,5,808,1,0
CD163+CD206+CD4+ 0-100,34,1,21,0,2,1185,0,4,5938,67,13,73,1,33,29,17,16,4247,5,9
CD163+CD206+CD4+ 100-200,3,1,31,0,8,273,1,9,1950,36,21,156,0,51,7,44,13,5104,1,15
CD163+CD206+CD4+ 200-300,0,4,43,0,5,59,4,4,900,14,2,150,5,49,2,39,21,4015,5,17
CD163+CD206+CD4+ 300-400,0,5,43,1,11,17,4,2,584,1,8,166,5,64,7,27,13,3282,8,6
CD163+CD206+CD4+ 400-500,0,0,63,0,18,1,11,1,391,2,2,131,5,94,0,22,8,2324,2,4
CD68+CD11c+CD4+ 0-100,23,5,65,0,2,805,0,14,1363,28,5,17,0,4,14,12,24,1670,0,2
CD68+CD11c+CD4+ 100-200,0,9,96,0,9,259,0,13,292,13,12,20,0,24,4,14,18,2004,2,2
CD68+CD11c+CD4+ 200-300,0,20,128,0,4,59,0,6,182,9,2,13,4,32,1,11,21,1656,5,0
CD68+CD11c+CD4+ 300-400,0,29,100,2,10,23,0,1,121,1,0,24,3,22,4,14,15,1316,2,0
CD68+CD11c+CD4+ 400-500,0,25,136,3,8,1,2,0,80,1,0,24,1,29,0,9,11,871,3,0
CD11c+CD205+CD4+ 0-100,20,1,23,0,0,824,0,28,812,49,0,21,1,0,54,12,57,1398,0,1
CD11c+CD205+CD4+ 100-200,0,3,59,0,3,169,0,23,257,31,2,12,2,6,26,6,37,1715,0,1
CD11c+CD205+CD4+ 200-300,0,7,84,0,0,30,0,10,90,12,0,11,0,11,4,8,30,1384,2,0
CD11c+CD205+CD4+ 300-400,0,13,77,0,0,9,1,2,54,3,0,27,5,11,9,10,19,1208,2,0
CD11c+CD205+CD4+ 400-500,0,6,90,2,1,1,2,0,35,4,0,35,4,12,6,11,20,828,0,2
CD11c+CD103+CD4+ 0-100,12,1,7,0,2,1133,0,15,1643,90,5,8,1,1,34,8,37,1118,0,4
CD11c+CD103+CD4+ 100-200,0,6,14,0,10,271,0,12,399,49,15,14,1,15,15,10,16,1351,2,5
CD11c+CD103+CD4+ 200-300,0,13,29,0,5,58,0,6,164,19,2,12,3,10,2,6,21,1163,0,4
CD11c+CD103+CD4+ 300-400,0,12,28,1,7,22,0,2,123,5,1,12,4,8,8,7,10,929,2,3
CD11c+CD103+CD4+ 400-500,0,10,35,2,7,4,2,0,89,7,0,17,4,8,4,8,11,580,3,1
P2RY12+CD4+ 0-100,62,1,0,0,0,1759,0,1,4366,157,2,20,2,0,38,21,28,1655,24,28
P2RY12+CD4+ 100-200,3,6,0,0,5,404,0,2,1097,83,5,15,3,0,11,37,41,1895,49,28
P2RY12+CD4+ 200-300,0,14,0,0,3,83,2,1,457,26,1,17,0,2,1,41,31,1449,47,16
P2RY12+CD4+ 300-400,0,24,0,1,0,23,1,1,364,10,0,31,6,10,8,46,33,1194,50,11
P2RY12+CD4+ 400-500,0,5,1,4,2,4,1,2,240,10,1,31,4,6,1,38,27,814,79,6
CD11c+P2RY12+CD4+ 0-100,54,1,0,0,0,1333,0,0,1491,123,1,20,2,0,37,12,25,1654,23,23
CD11c+P2RY12+CD4+ 100-200,3,3,0,0,4,331,0,0,357,63,5,15,3,0,11,14,39,1893,49,21
CD11c+P2RY12+CD4+ 200-300,0,8,0,0,3,65,0,1,152,23,0,17,0,2,1,11,29,1448,46,11
CD11c+P2RY12+CD4+ 300-400,0,15,0,1,0,21,1,1,109,9,0,28,6,5,8,15,28,1194,48,5
CD11c+P2RY12+CD4+ 400-500,0,2,1,3,1,4,1,2,60,7,0,28,4,4,1,16,25,814,76,4
CD68+CD4+ 0-100,32,7,65,0,3,1134,0,14,2409,31,6,30,0,24,14,24,27,1756,0,4
CD68+CD4+ 100-200,2,15,104,0,9,326,0,14,655,16,13,38,0,54,4,34,21,2121,2,3
CD68+CD4+ 200-300,0,38,133,0,4,77,1,6,339,9,2,25,4,53,1,37,22,1739,5,0
CD68+CD4+ 300-400,0,50,104,2,10,23,1,2,221,1,1,54,3,47,4,31,16,1370,3,0
CD68+CD4+ 400-500,0,37,143,3,8,1,3,0,167,1,1,43,1,58,0,18,11,899,3,0
CD163+CD4+ 0-100,41,6,79,0,2,2279,0,4,8620,148,13,75,1,39,40,66,17,5381,6,10
CD163+CD4+ 100-200,3,11,137,0,12,508,1,9,2857,78,21,162,0,63,17,115,18,6411,2,16
CD163+CD4+ 200-300,0,24,167,0,5,114,7,4,1322,29,2,154,5,57,3,153,24,5000,8,17
CD163+CD4+ 300-400,0,43,135,1,12,33,4,2,970,6,8,177,5,73,8,114,25,4114,10,6
CD163+CD4+ 400-500,0,28,172,1,21,1,15,1,639,7,2,133,5,106,3,73,12,2935,6,4
CD206+CD4+ 0-100,138,2,21,0,3,1216,0,22,6104,77,16,93,2,35,32,24,63,4519,6,14
CD206+CD4+ 100-200,8,1,31,0,8,284,1,21,2010,40,21,201,3,60,9,50,30,5450,6,24
CD206+CD4+ 200-300,0,4,43,0,5,59,6,9,947,16,3,211,7,65,3,54,41,4222,9,21
CD206+CD4+ 300-400,0,7,44,1,12,18,7,4,607,3,8,201,6,73,7,38,17,3483,11,10
CD206+CD4+ 400-500,0,0,63,1,21,3,14,3,403,2,2,158,5,126,0,30,18,2446,6,8
CD11c+CD4+ 0-100,99,6,78,0,2,1716,0,33,3210,149,10,47,2,8,74,31,86,5658,32,31
CD11c+CD4+ 100-200,8,10,128,1,10,443,0,27,938,66,20,64,6,29,37,39,72,6714,65,36
CD11c+CD4+ 200-300,0,32,161,0,6,96,1,11,453,32,2,70,8,41,10,38,64,5140,62,26
CD11c+CD4+ 300-400,0,45,120,2,11,35,2,2,297,9,1,78,9,42,10,32,51,4187,61,14
CD11c+CD4+ 400-500,0,33,158,3,23,4,4,2,180,7,0,67,5,42,6,28,36,2984,97,9
CD68+CD163+CD11c+CD4+ 0-100,11,4,65,0,2,789,0,4,1322,28,5,17,0,4,13,6,6,1634,0,1
CD68+CD163+CD11c+CD4+ 100-200,0,7,96,0,9,245,0,7,286,13,12,20,0,22,3,10,6,1959,1,0
CD68+CD163+CD11c+CD4+ 200-300,0,14,127,0,4,58,0,3,179,8,2,13,4,22,1,10,8,1626,2,0
CD68+CD163+CD11c+CD4+ 300-400,0,24,100,1,10,22,0,1,119,1,0,24,3,20,4,9,12,1300,1,0
CD68+CD163+CD11c+CD4+ 400-500,0,21,135,0,8,1,2,0,78,1,0,24,1,23,0,4,6,868,1,0
CD68+CD163+CD8+ 0-100,5,0,0,0,0,31,0,0,35,14,4,1,0,1,3,2,0,33,0,0
CD68+CD163+CD8+ 100-200,0,4,0,0,2,3,0,1,3,6,0,6,0,0,1,1,0,48,0,0
CD68+CD163+CD8+ 200-300,0,3,1,0,0,0,0,0,2,2,0,6,0,1,0,1,0,43,0,0
CD68+CD163+CD8+ 300-400,0,2,0,0,0,0,0,0,1,0,0,7,3,1,2,3,1,48,0,0
CD68+CD163+CD8+ 400-500,0,0,0,0,0,1,0,0,1,1,0,7,0,0,0,0,2,22,0,0
CD68+CD163+CD206+CD8+ 0-100,5,0,0,0,0,30,0,0,34,11,4,1,0,1,2,1,0,29,0,0
CD68+CD163+CD206+CD8+ 100-200,0,1,0,0,2,3,0,1,3,5,0,6,0,0,1,1,0,44,0,0
CD68+CD163+CD206+CD8+ 200-300,0,2,0,0,0,0,0,0,2,2,0,6,0,0,0,1,0,39,0,0
CD68+CD163+CD206+CD8+ 300-400,0,1,0,0,0,0,0,0,1,0,0,7,3,1,2,3,1,42,0,0
CD68+CD163+CD206+CD8+ 400-500,0,0,0,0,0,1,0,0,1,1,0,7,0,0,0,0,2,19,0,0
CD163+CD206+CD8+ 0-100,7,0,0,0,0,32,0,0,93,17,4,15,0,4,2,1,0,160,0,0
CD163+CD206+CD8+ 100-200,0,1,0,0,2,9,0,1,23,12,0,20,0,0,1,1,1,174,0,0
CD163+CD206+CD8+ 200-300,0,2,0,0,0,0,0,0,8,3,0,17,0,2,0,2,0,143,0,0
CD163+CD206+CD8+ 300-400,0,1,1,0,0,0,0,0,7,0,0,32,3,3,2,3,1,158,0,0
CD163+CD206+CD8+ 400-500,0,0,0,0,0,1,0,0,8,2,0,23,0,3,0,0,2,93,0,0
CD68+CD11c+CD8+ 0-100,7,0,0,0,0,30,0,3,22,15,4,0,0,1,3,2,0,34,0,0
CD68+CD11c+CD8+ 100-200,0,2,0,0,2,4,0,2,2,6,0,0,0,0,1,1,0,43,0,0
CD68+CD11c+CD8+ 200-300,0,3,1,0,0,0,0,0,1,2,0,0,0,0,0,1,0,40,0,0
CD68+CD11c+CD8+ 300-400,0,1,0,1,0,0,0,0,0,0,0,0,3,0,2,3,2,46,0,0
CD68+CD11c+CD8+ 400-500,0,0,0,3,0,1,0,1,1,1,0,0,1,0,0,0,2,21,0,0
CD11c+CD205+CD8+ 0-100,4,0,0,0,0,34,0,6,18,11,0,1,5,0,7,1,2,54,0,0
CD11c+CD205+CD8+ 100-200,0,2,0,0,2,11,0,5,2,8,0,2,1,1,5,1,3,49,0,0
CD11c+CD205+CD8+ 200-300,0,3,1,0,0,0,0,0,0,2,0,0,2,0,0,1,2,61,0,0
CD11c+CD205+CD8+ 300-400,0,1,0,0,1,0,0,0,1,0,0,3,4,1,2,3,2,72,0,0
CD11c+CD205+CD8+ 400-500,0,0,0,2,0,0,0,0,0,0,0,2,0,0,0,0,3,30,0,0
CD11c+CD103+CD8+ 0-100,12,0,0,0,0,33,0,5,35,34,5,1,1,1,4,1,0,27,0,0
CD11c+CD103+CD8+ 100-200,1,2,0,0,2,12,0,2,5,19,0,0,0,0,1,2,2,27,0,0
CD11c+CD103+CD8+ 200-300,0,3,0,0,0,1,0,1,1,8,1,0,0,0,0,1,2,42,0,0
CD11c+CD103+CD8+ 300-400,0,1,1,0,0,0,0,0,0,0,1,3,2,1,2,3,3,25,1,0
CD11c+CD103+CD8+ 400-500,0,0,0,2,0,1,0,0,2,2,0,2,1,0,0,0,6,18,0,0
P2RY12+CD8+ 0-100,16,0,0,0,0,41,0,0,19,53,5,1,3,0,4,2,0,43,0,0
P2RY12+CD8+ 100-200,1,4,0,0,2,17,0,2,5,25,0,0,1,0,1,3,3,37,2,0
P2RY12+CD8+ 200-300,0,4,0,0,0,2,0,1,0,8,1,0,3,0,0,3,4,44,0,0
P2RY12+CD8+ 300-400,0,2,0,1,0,0,0,1,1,1,2,2,4,0,2,3,4,52,0,0
P2RY12+CD8+ 400-500,0,0,0,3,0,1,0,1,2,4,0,1,0,0,0,3,3,29,0,0
CD11c+P2RY12+CD8+ 0-100,14,0,0,0,0,37,0,0,10,40,5,1,3,0,4,2,0,43,0,0
CD11c+P2RY12+CD8+ 100-200,1,2,0,0,2,17,0,1,1,21,0,0,1,0,1,3,2,37,0,0
CD11c+P2RY12+CD8+ 200-300,0,3,0,0,0,2,0,1,0,8,1,0,1,0,0,1,3,44,0,0
CD11c+P2RY12+CD8+ 300-400,0,1,0,1,0,0,0,0,0,0,1,2,4,0,2,3,4,52,0,0
CD11c+P2RY12+CD8+ 400-500,0,0,0,3,0,1,0,0,0,3,0,1,0,0,0,3,3,29,0,0
CD68+CD8+ 0-100,14,1,0,0,0,31,0,3,36,17,4,1,0,1,6,2,0,38,0,0
CD68+CD8+ 100-200,0,6,0,0,2,4,0,3,3,7,1,6,1,0,3,1,1,49,0,0
CD68+CD8+ 200-300,0,5,1,0,0,0,0,1,2,2,0,6,1,1,0,3,0,44,1,0
CD68+CD8+ 300-400,0,5,0,1,0,1,0,2,1,0,0,8,3,1,2,4,2,48,0,0
CD68+CD8+ 400-500,0,0,0,4,1,1,0,2,1,1,0,7,1,1,0,0,3,23,0,0
CD163+CD8+ 0-100,7,0,0,0,0,36,0,0,106,20,4,16,0,4,3,3,0,202,0,0
CD163+CD8+ 100-200,0,4,0,0,2,10,1,1,26,14,0,20,0,0,1,3,2,230,0,0
CD163+CD8+ 200-300,0,3,1,0,0,0,0,1,10,3,0,17,0,3,0,2,0,172,0,0
CD163+CD8+ 300-400,0,2,1,0,1,0,0,0,11,0,0,33,3,3,2,3,1,196,0,0
CD163+CD8+ 400-500,0,1,0,0,0,1,1,0,10,2,0,23,0,4,0,0,2,126,0,0
CD206+CD8+ 0-100,21,0,0,0,0,35,0,4,98,36,5,20,8,4,2,3,4,196,0,0
CD206+CD8+ 100-200,0,1,0,0,2,10,0,4,29,21,1,23,3,0,1,1,3,205,2,0
CD206+CD8+ 200-300,0,2,0,0,0,0,0,1,8,3,1,28,4,3,0,3,0,169,1,0
CD206+CD8+ 300-400,0,1,1,0,0,0,0,0,7,1,1,37,5,3,2,4,2,178,2,0
CD206+CD8+ 400-500,0,0,0,1,0,1,0,0,9,3,0,29,0,5,0,0,4,105,0,0
CD11c+CD8+ 0-100,24,0,0,0,0,38,0,6,44,50,7,3,8,1,10,2,4,227,0,0
CD11c+CD8+ 100-200,1,2,0,0,2,17,0,6,7,26,0,6,1,1,8,3,6,266,0,0
CD11c+CD8+ 200-300,0,3,1,0,0,2,0,1,3,9,2,1,3,0,0,1,5,196,0,0
CD11c+CD8+ 300-400,0,2,1,1,1,0,0,0,1,1,2,8,5,3,3,3,7,205,1,0
CD11c+CD8+ 400-500,0,1,0,3,0,1,0,1,2,4,0,3,2,1,0,3,10,130,1,0
CD68+CD163+CD11c+CD8+ 0-100,3,0,0,0,0,30,0,0,22,12,4,0,0,1,3,2,0,31,0,0
CD68+CD163+CD11c+CD8+ 100-200,0,2,0,0,2,3,0,1,2,6,0,0,0,0,1,1,0,43,0,0
CD68+CD163+CD11c+CD8+ 200-300,0,3,1,0,0,0,0,0,1,2,0,0,0,0,0,1,0,39,0,0
CD68+CD163+CD11c+CD8+ 300-400,0,1,0,0,0,0,0,0,0,0,0,0,3,0,2,3,1,46,0,0
CD68+CD163+CD11c+CD8+ 400-500,0,0,0,0,0,1,0,0,1,1,0,0,0,0,0,0,2,20,0,0
CD68+CD163+TIM3+ 0-100,170,33,185,1,51,4302,5,9,2792,58,94,329,0,65,156,44,36,2095,2,1
CD68+CD163+TIM3+ 100-200,7,86,340,8,64,1041,17,15,816,29,105,498,1,139,63,84,34,2484,3,2
CD68+CD163+TIM3+ 200-300,2,140,408,9,69,222,44,10,425,15,47,487,6,111,8,56,45,1970,3,2
CD68+CD163+TIM3+ 300-400,0,187,453,12,123,69,48,8,267,7,21,608,6,161,12,64,48,1535,8,0
CD68+CD163+TIM3+ 400-500,0,240,550,4,104,7,108,7,184,3,1,631,1,201,0,40,19,1039,1,0
CD68+CD163+CD206+TIM3+ 0-100,154,0,37,0,45,2210,2,8,2371,47,78,301,0,56,13,21,28,1886,2,0
CD68+CD163+CD206+TIM3+ 100-200,7,3,68,3,56,518,10,14,623,26,86,464,1,106,7,44,23,2227,2,2
CD68+CD163+CD206+TIM3+ 200-300,2,7,86,4,54,114,24,9,340,13,39,458,6,96,1,24,30,1766,2,2
CD68+CD163+CD206+TIM3+ 300-400,0,13,111,7,108,23,27,8,219,7,17,587,6,132,4,22,24,1382,4,0
CD68+CD163+CD206+TIM3+ 400-500,0,1,130,3,87,3,58,6,148,2,1,611,1,178,0,22,12,933,1,0
CD163+CD206+TIM3+ 0-100,483,1,46,0,70,7823,9,8,11678,376,228,1694,3,175,59,129,64,6670,12,251
CD163+CD206+TIM3+ 100-200,14,3,87,5,110,1538,25,17,4131,205,204,2441,5,251,18,362,90,7797,9,372
CD163+CD206+TIM3+ 200-300,4,9,127,5,163,317,59,14,1985,91,79,2464,9,253,2,306,86,5813,11,260
CD163+CD206+TIM3+ 300-400,0,13,161,8,224,51,81,12,1130,25,58,2880,14,301,8,247,72,4647,29,169
CD163+CD206+TIM3+ 400-500,0,1,191,6,268,4,122,7,702,20,5,2576,10,424,0,288,41,3299,15,60
CD68+CD11c+TIM3+ 0-100,1955,61,166,4,61,2122,0,89,1404,543,546,299,24,14,546,53,191,1964,3,2
CD68+CD11c+TIM3+ 100-200,89,202,323,20,70,626,5,120,327,220,523,463,87,59,246,116,275,2335,6,4
CD68+CD11c+TIM3+ 200-300,16,299,380,36,85,138,11,134,214,119,275,334,138,95,45,126,280,1864,10,4
CD68+CD11c+TIM3+ 300-400,0,418,419,61,142,56,17,149,125,49,97,316,140,141,30,139,229,1463,14,0
CD68+CD11c+TIM3+ 400-500,0,507,522,46,115,8,40,146,79,23,22,299,138,138,4,111,141,986,7,0
CD11c+CD205+TIM3+ 0-100,357,3,45,0,1,1687,0,31,870,69,11,142,2,6,2854,21,165,1467,6,2
CD11c+CD205+TIM3+ 100-200,21,5,115,0,3,360,4,27,284,36,11,141,6,15,1517,31,234,1812,14,2
CD11c+CD205+TIM3+ 200-300,2,11,167,0,1,59,9,9,96,17,1,127,2,25,352,35,245,1459,15,1
CD11c+CD205+TIM3+ 300-400,0,22,195,0,2,24,7,2,56,4,3,191,9,34,160,32,185,1282,11,1
CD11c+CD205+TIM3+ 400-500,0,14,189,6,1,4,9,0,29,4,0,227,6,32,51,30,127,865,5,2
CD11c+CD103+TIM3+ 0-100,347,5,15,0,58,3269,2,61,2066,594,557,250,13,4,885,24,116,1389,3,9
CD11c+CD103+TIM3+ 100-200,14,24,47,3,73,680,11,85,655,252,564,414,46,30,401,53,116,1668,8,18
CD11c+CD103+TIM3+ 200-300,4,25,70,6,101,144,28,96,261,119,296,338,81,35,86,33,127,1415,4,14
CD11c+CD103+TIM3+ 300-400,0,29,78,16,128,50,63,110,159,49,106,263,81,58,69,28,110,1114,9,9
CD11c+CD103+TIM3+ 400-500,0,51,86,9,101,10,67,109,130,33,26,180,82,40,19,38,71,722,11,4
P2RY12+TIM3+ 0-100,18623,29,0,0,0,17981,0,398,5964,30898,2682,694,136,1,2361,325,1413,1840,210,477
P2RY12+TIM3+ 100-200,858,59,7,0,6,3572,1,672,1868,13464,2552,887,275,5,1037,708,2511,2110,416,550
P2RY12+TIM3+ 200-300,116,81,17,1,3,652,3,715,831,5502,1189,588,355,23,265,1022,2636,1571,441,414
P2RY12+TIM3+ 300-400,5,106,17,4,6,194,1,717,490,2532,444,731,360,21,94,962,2046,1271,508,202
P2RY12+TIM3+ 400-500,0,105,22,9,13,29,2,538,277,1920,159,697,397,10,23,846,1349,878,531,108
CD11c+P2RY12+TIM3+ 0-100,18131,29,0,0,0,9173,0,339,1367,28014,2336,671,132,1,2350,304,1304,1839,207,465
CD11c+P2RY12+TIM3+ 100-200,840,57,5,0,4,2156,1,598,549,12161,2223,862,274,4,1032,662,2332,2103,399,530
CD11c+P2RY12+TIM3+ 200-300,111,75,14,1,3,382,1,643,250,4951,1070,563,352,18,263,961,2409,1568,432,398
CD11c+P2RY12+TIM3+ 300-400,5,100,13,4,4,130,1,635,126,2258,401,681,357,18,94,900,1876,1271,487,192
CD11c+P2RY12+TIM3+ 400-500,0,104,21,8,11,24,2,493,54,1724,143,651,395,8,23,787,1266,877,509,106
CD68+TIM3+ 0-100,2119,77,192,5,69,4489,5,95,2909,560,566,486,24,74,548,90,210,2196,4,5
CD68+TIM3+ 100-200,98,247,358,26,78,1131,18,138,828,232,539,754,88,177,247,185,313,2604,6,6
CD68+TIM3+ 200-300,16,365,435,44,92,248,45,147,441,122,284,646,139,190,45,204,321,2034,10,5
CD68+TIM3+ 300-400,0,520,508,68,155,89,51,167,273,53,102,701,140,254,30,202,259,1576,16,0
CD68+TIM3+ 400-500,0,606,598,53,119,10,114,159,190,24,23,685,140,284,4,142,158,1061,7,1
CD163+TIM3+ 0-100,514,45,322,1,83,28081,17,16,19769,613,278,1989,4,214,581,412,90,8780,15,312
CD163+TIM3+ 100-200,14,119,658,16,135,5088,47,21,7689,299,253,2911,5,328,280,952,128,10266,14,449
CD163+TIM3+ 200-300,4,216,825,10,202,1049,117,19,3763,133,100,2917,9,306,53,1076,126,7659,23,330
CD163+TIM3+ 300-400,0,280,900,18,265,268,213,15,2232,42,65,3272,14,377,35,954,122,6091,44,207
CD163+TIM3+ 400-500,0,326,1042,10,321,13,317,8,1317,32,6,2910,10,492,14,770,69,4421,31,75
CD206+TIM3+ 0-100,2613,1,48,0,89,8006,14,39,12340,638,1074,2712,37,212,122,220,251,8263,38,440
CD206+TIM3+ 100-200,101,4,91,5,120,1598,28,71,4408,357,996,3855,107,342,55,577,329,9548,48,699
CD206+TIM3+ 200-300,8,17,130,7,179,331,68,62,2126,152,473,3625,115,411,5,463,356,7043,60,476
CD206+TIM3+ 300-400,0,21,170,10,251,56,97,51,1178,57,219,4071,141,515,13,420,249,5652,73,273
CD206+TIM3+ 400-500,0,5,201,8,296,7,133,44,740,39,67,3652,135,660,0,471,186,3973,50,123
CD11c+TIM3+ 0-100,24399,145,333,18,119,13934,5,445,4615,30237,2560,3092,301,53,9668,577,2011,10930,368,1125
CD11c+TIM3+ 100-200,1089,400,684,97,164,3275,20,753,1798,13033,2420,3654,610,144,4838,1141,3371,12681,685,1373
CD11c+TIM3+ 200-300,148,607,805,142,235,701,54,785,857,5285,1160,2775,931,262,1096,1482,3386,9214,732,1100
CD11c+TIM3+ 300-400,10,774,880,233,326,238,105,785,465,2434,447,2693,949,355,450,1383,2716,7371,800,515
CD11c+TIM3+ 400-500,0,929,1010,292,359,34,138,651,260,1867,146,2228,1041,328,133,1248,1848,5324,871,260
CD68+CD163+CD11c+TIM3+ 0-100,84,22,161,1,46,2015,0,7,1364,43,77,151,0,10,156,18,27,1889,2,1
CD68+CD163+CD11c+TIM3+ 100-200,1,71,310,6,56,586,4,9,319,19,97,218,1,43,63,42,20,2237,3,2
CD68+CD163+CD11c+TIM3+ 200-300,2,110,362,7,67,123,11,5,202,12,38,186,6,51,8,25,35,1810,3,1
CD68+CD163+CD11c+TIM3+ 300-400,0,138,382,10,114,44,14,4,123,3,16,235,6,75,12,25,41,1435,7,0
CD68+CD163+CD11c+TIM3+ 400-500,0,193,484,4,101,6,39,2,78,2,0,252,1,90,0,22,14,970,1,0
CD68+CD163+PDL1+ 0-100,1,1,0,0,0,40,0,2,222,19,5,7,0,0,13,6,5,78,0,1
CD68+CD163+PDL1+ 100-200,0,6,0,0,3,1,0,3,20,10,4,2,0,0,5,14,2,126,0,0
CD68+CD163+PDL1+ 200-300,0,11,0,0,1,0,1,0,17,6,0,3,0,1,0,2,2,86,0,0
CD68+CD163+PDL1+ 300-400,0,12,1,0,0,0,0,0,20,1,2,42,3,0,4,5,1,44,0,0
CD68+CD163+PDL1+ 400-500,0,2,0,0,2,0,0,0,17,1,0,37,0,0,0,1,3,20,0,0
CD68+CD163+CD206+PDL1+ 0-100,1,0,0,0,0,40,0,2,175,13,5,7,0,0,10,5,5,58,0,0
CD68+CD163+CD206+PDL1+ 100-200,0,1,0,0,3,1,0,3,17,7,1,2,0,0,3,8,2,96,0,0
CD68+CD163+CD206+PDL1+ 200-300,0,2,0,0,1,0,0,0,17,4,0,3,0,1,0,1,2,68,0,0
CD68+CD163+CD206+PDL1+ 300-400,0,4,1,0,0,0,0,0,20,1,1,40,3,0,4,4,1,35,0,0
CD68+CD163+CD206+PDL1+ 400-500,0,0,0,0,2,0,0,0,16,0,0,36,0,0,0,1,3,16,0,0
CD163+CD206+PDL1+ 0-100,3,0,1,0,0,75,0,2,2095,24,7,10,1,0,27,14,12,304,0,4
CD163+CD206+PDL1+ 100-200,0,1,0,0,3,3,0,3,101,9,5,4,0,0,6,25,6,420,0,6
CD163+CD206+PDL1+ 200-300,0,3,0,0,1,1,0,0,40,5,1,10,0,1,0,5,5,301,0,3
CD163+CD206+PDL1+ 300-400,0,4,1,0,0,0,1,1,49,1,1,67,5,0,7,7,2,208,0,2
CD163+CD206+PDL1+ 400-500,0,0,0,0,2,0,1,0,46,0,1,84,2,0,0,4,3,122,0,1
CD68+CD11c+PDL1+ 0-100,1,3,0,0,0,40,0,11,196,19,6,3,0,0,18,8,11,85,0,2
CD68+CD11c+PDL1+ 100-200,0,9,0,0,3,1,0,4,19,11,5,1,1,0,8,18,2,129,0,1
CD68+CD11c+PDL1+ 200-300,0,9,0,0,1,0,0,1,21,6,3,0,0,0,1,2,5,92,0,1
CD68+CD11c+PDL1+ 300-400,0,16,0,0,0,0,0,0,23,1,2,8,3,0,4,4,1,47,0,0
CD68+CD11c+PDL1+ 400-500,0,3,0,0,2,0,0,0,14,1,0,11,0,0,0,1,3,21,0,0
CD11c+CD205+PDL1+ 0-100,3,1,0,0,0,75,0,15,250,45,1,3,1,0,106,4,40,217,0,1
CD11c+CD205+PDL1+ 100-200,0,3,0,0,3,3,1,6,21,24,2,3,1,0,94,5,18,245,0,1
CD11c+CD205+PDL1+ 200-300,0,6,0,0,0,1,1,1,12,9,0,1,1,0,15,3,15,165,0,0
CD11c+CD205+PDL1+ 300-400,0,7,0,0,0,0,1,1,13,2,1,11,5,0,22,4,2,107,0,0
CD11c+CD205+PDL1+ 400-500,0,1,0,0,1,0,2,0,15,3,0,17,2,0,12,4,4,76,0,0
CD11c+CD103+PDL1+ 0-100,3,2,0,0,0,75,0,12,2117,52,10,6,1,0,45,5,31,177,0,4
CD11c+CD103+PDL1+ 100-200,0,3,0,0,3,3,0,6,103,30,8,3,1,0,27,14,8,205,0,6
CD11c+CD103+PDL1+ 200-300,0,7,0,0,1,1,0,1,41,10,3,4,0,0,4,3,12,162,0,4
CD11c+CD103+PDL1+ 300-400,0,7,0,0,0,0,0,1,58,3,2,11,4,0,17,4,3,104,0,3
CD11c+CD103+PDL1+ 400-500,0,1,0,0,2,0,0,0,40,4,0,14,2,0,7,4,4,58,0,2
P2RY12+PDL1+ 0-100,7,2,0,0,0,76,0,0,5068,109,33,5,1,0,48,4,8,298,1,17
P2RY12+PDL1+ 100-200,0,6,0,0,3,3,0,0,256,62,35,5,2,0,26,3,6,325,0,12
P2RY12+PDL1+ 200-300,0,11,0,0,1,1,2,0,139,13,19,3,1,0,3,8,6,195,0,8
P2RY12+PDL1+ 300-400,0,14,0,0,0,0,1,1,118,8,4,5,6,0,8,8,3,132,0,11
P2RY12+PDL1+ 400-500,0,4,0,0,1,0,0,0,74,8,0,6,2,1,3,7,3,71,0,4
CD11c+P2RY12+PDL1+ 0-100,5,2,0,0,0,75,0,0,1407,104,20,5,1,0,48,2,6,297,0,12
CD11c+P2RY12+PDL1+ 100-200,0,4,0,0,3,3,0,0,86,54,20,5,2,0,26,3,6,324,0,8
CD11c+P2RY12+PDL1+ 200-300,0,6,0,0,1,1,1,0,34,10,10,3,1,0,3,3,5,194,0,5
CD11c+P2RY12+PDL1+ 300-400,0,8,0,0,0,0,1,1,50,7,3,5,5,0,8,4,2,132,0,6
CD11c+P2RY12+PDL1+ 400-500,0,3,0,0,1,0,0,0,30,6,0,5,2,0,3,4,3,71,0,2
CD68+PDL1+ 0-100,1,4,0,0,0,40,0,11,286,19,6,7,0,0,18,9,11,85,0,5
CD68+PDL1+ 100-200,0,12,1,0,3,1,0,4,23,11,7,2,1,0,8,22,2,130,0,2
CD68+PDL1+ 200-300,0,15,0,0,1,0,1,1,22,6,3,4,0,1,1,2,5,95,0,1
CD68+PDL1+ 300-400,0,21,1,0,0,0,0,0,24,1,2,42,3,0,4,5,1,48,0,0
CD68+PDL1+ 400-500,0,5,0,0,2,0,0,0,18,1,0,37,0,0,0,2,3,21,0,0
CD163+PDL1+ 0-100,3,1,1,0,0,81,0,2,5037,53,9,13,1,0,38,37,13,612,1,5
CD163+PDL1+ 100-200,0,6,0,0,3,3,0,3,205,28,9,4,0,0,15,46,6,765,0,7
CD163+PDL1+ 200-300,0,12,1,0,1,1,2,0,81,10,1,13,0,1,2,10,5,518,0,4
CD163+PDL1+ 300-400,0,14,2,0,0,0,1,1,71,3,2,70,5,0,11,13,3,324,0,2
CD163+PDL1+ 400-500,0,4,1,0,2,0,1,0,60,4,1,90,2,0,5,7,3,222,0,1
CD206+PDL1+ 0-100,3,0,1,0,0,75,0,14,2670,25,43,15,1,0,29,34,42,476,0,13
CD206+PDL1+ 100-200,0,2,0,0,3,3,3,7,147,9,35,8,2,0,7,61,14,581,0,16
CD206+PDL1+ 200-300,0,4,1,0,1,1,0,1,73,5,11,16,1,1,0,15,12,417,0,8
CD206+PDL1+ 300-400,0,8,3,0,0,0,5,1,83,1,7,72,5,0,7,9,2,296,0,7
CD206+PDL1+ 400-500,0,2,1,0,2,0,3,0,75,0,8,93,2,0,0,6,5,164,2,3
CD11c+PDL1+ 0-100,8,4,0,0,0,76,0,15,2221,109,21,10,1,0,139,35,45,1249,0,34
CD11c+PDL1+ 100-200,0,18,0,0,3,3,1,6,118,54,21,6,2,0,123,66,18,1383,0,33
CD11c+PDL1+ 200-300,0,17,0,0,1,1,1,1,45,10,10,9,1,0,18,13,18,926,0,28
CD11c+PDL1+ 300-400,0,22,0,0,0,0,1,1,60,7,5,22,5,0,22,9,4,616,0,15
CD11c+PDL1+ 400-500,0,12,1,0,2,0,2,0,43,6,1,28,2,0,13,8,7,350,1,6
CD68+CD163+CD11c+PDL1+ 0-100,1,1,0,0,0,40,0,2,151,19,5,3,0,0,13,5,5,78,0,1
CD68+CD163+CD11c+PDL1+ 100-200,0,4,0,0,3,1,0,3,17,10,4,1,0,0,5,11,2,125,0,0
CD68+CD163+CD11c+PDL1+ 200-300,0,6,0,0,1,0,0,0,16,6,0,0,0,0,0,2,2,84,0,0
CD68+CD163+CD11c+PDL1+ 300-400,0,8,0,0,0,0,0,0,19,1,2,8,3,0,4,4,1,43,0,0
CD68+CD163+CD11c+PDL1+ 400-500,0,2,0,0,2,0,0,0,14,1,0,11,0,0,0,1,3,20,0,0
